1;acousticEmission;201;0.138163244
1;acousticEmission;201;0.101339219
1;acousticEmission;201;0.09716789
1;acousticEmission;201;0.110414549
1;acousticEmission;201;0.133582947
1;acousticEmission;201;0.073882528
1;acousticEmission;201;0.07222985
1;acousticEmission;201;0.070053561
1;acousticEmission;201;0.082114589
1;acousticEmission;201;0.148421673
1;acousticEmission;201;0.1301616
1;acousticEmission;201;0.163380052
1;acousticEmission;201;0.155055535
1;acousticEmission;201;0.127175059
1;acousticEmission;201;0.0602943
1;acousticEmission;201;0.07383549
1;acousticEmission;201;0.068101668
1;acousticEmission;201;0.083969615
1;acousticEmission;201;0.087167013
1;acousticEmission;201;0.11519178
1;acousticEmission;201;0.110217409
1;acousticEmission;201;0.086252606
1;acousticEmission;201;0.081231953
1;acousticEmission;201;0.128999759
1;acousticEmission;201;0.089642288
1;acousticEmission;201;0.084789217
1;acousticEmission;201;0.065385969
1;acousticEmission;201;0.077574787
1;acousticEmission;201;0.094046257
1;acousticEmission;201;0.092890665
1;acousticEmission;201;0.109726894
1;acousticEmission;201;0.114923217
1;acousticEmission;201;0.068169261
1;acousticEmission;201;0.061403145
1;acousticEmission;201;0.066136394
1;acousticEmission;201;0.052030402
1;acousticEmission;201;0.055654741
1;acousticEmission;201;0.070770194
1;acousticEmission;201;0.090690763
1;acousticEmission;201;0.065569208
1;acousticEmission;201;0.066189156
1;acousticEmission;201;0.054974775
1;acousticEmission;201;0.068287006
1;acousticEmission;201;0.054451128
1;acousticEmission;201;0.069657783
1;acousticEmission;201;0.076304479
1;acousticEmission;201;0.062163379
1;acousticEmission;201;0.070485314
1;acousticEmission;201;0.054559758
1;acousticEmission;201;0.052906212
1;acousticEmission;201;0.072784018
1;acousticEmission;201;0.076476343
1;acousticEmission;201;0.070614616
1;acousticEmission;201;0.05508766
1;acousticEmission;201;0.071387897
1;acousticEmission;201;0.077685685
1;acousticEmission;201;0.076134832
1;acousticEmission;201;0.088352728
1;acousticEmission;201;0.078674554
1;acousticEmission;201;0.062300319
1;acousticEmission;201;0.077201553
1;acousticEmission;201;0.063262477
1;acousticEmission;201;0.065975618
1;acousticEmission;201;0.070574404
1;acousticEmission;201;0.064973558
1;acousticEmission;201;0.050435437
1;acousticEmission;201;0.054867876
1;acousticEmission;201;0.066161196
1;acousticEmission;201;0.077988384
1;acousticEmission;201;0.071063958
1;acousticEmission;201;0.052735057
1;acousticEmission;201;0.118150752
1;acousticEmission;201;0.075032024
1;acousticEmission;201;0.067692556
1;acousticEmission;201;0.073196365
1;acousticEmission;201;0.092450158
1;acousticEmission;201;0.082013956
1;acousticEmission;201;0.088383174
1;acousticEmission;201;0.099996541
1;acousticEmission;201;0.085934827
1;acousticEmission;201;0.058133849
1;acousticEmission;201;0.062843214
1;acousticEmission;201;0.066296358
1;acousticEmission;201;0.052653015
1;acousticEmission;201;0.113472972
1;acousticEmission;201;0.107103005
1;acousticEmission;201;0.057475015
1;acousticEmission;201;0.067329817
1;acousticEmission;201;0.08370006
1;acousticEmission;201;0.100940351
1;acousticEmission;201;0.107420485
1;acousticEmission;201;0.09577337
1;acousticEmission;201;0.117686741
1;acousticEmission;201;0.061156174
1;acousticEmission;201;0.050051235
1;acousticEmission;201;0.069965374
1;acousticEmission;201;0.097481556
1;acousticEmission;201;0.103947319
1;acousticEmission;201;0.097054156
1;acousticEmission;201;0.086565696
1;acousticEmission;201;5.156587419
1;acousticEmission;201;0.098628938
1;acousticEmission;201;0.077837243
1;acousticEmission;201;0.070605999
1;acousticEmission;201;0.063726567
1;acousticEmission;201;0.067259769
1;acousticEmission;201;0.060195084
1;acousticEmission;201;0.080990273
1;acousticEmission;201;0.065212036
1;acousticEmission;201;0.050130658
1;acousticEmission;201;0.089737058
1;acousticEmission;201;0.090201624
1;acousticEmission;201;0.06499689
1;acousticEmission;201;0.057398828
1;acousticEmission;201;0.079514974
1;acousticEmission;201;0.095442208
1;acousticEmission;201;0.068281274
1;acousticEmission;201;0.060209318
1;acousticEmission;201;0.130555392
1;acousticEmission;201;0.069425252
1;acousticEmission;201;0.076479487
1;acousticEmission;201;0.065240601
1;acousticEmission;201;0.07362704
1;acousticEmission;201;0.070838354
1;acousticEmission;201;0.063509186
1;acousticEmission;201;0.068815735
1;acousticEmission;201;0.065166083
1;acousticEmission;201;0.049037281
1;acousticEmission;201;0.074791743
1;acousticEmission;201;0.059863995
1;acousticEmission;201;0.064913381
1;acousticEmission;201;0.084770768
1;acousticEmission;201;0.096562096
1;acousticEmission;201;0.093050201
1;acousticEmission;201;0.078965766
1;accelerometer;201;0.071213478
1;acousticEmission;201;0.071554961
1;acousticEmission;201;0.075892561
1;acousticEmission;201;0.054812554
1;acousticEmission;201;0.070444739
1;acousticEmission;201;0.063930166
1;acousticEmission;201;0.075848735
1;acousticEmission;201;0.075920287
1;acousticEmission;201;0.072429696
1;acousticEmission;201;0.058821275
1;acousticEmission;201;0.055746026
1;acousticEmission;201;0.056477704
1;acousticEmission;201;0.080575986
1;acousticEmission;201;0.140790992
1;acousticEmission;201;0.119892713
1;acousticEmission;201;0.120298972
1;acousticEmission;201;0.07895165
1;acousticEmission;201;0.097765448
1;acousticEmission;201;0.075512889
1;acousticEmission;201;0.060522164
1;acousticEmission;201;0.063255711
1;acousticEmission;201;0.065786838
1;acousticEmission;201;0.094482668
1;acousticEmission;201;0.105520594
1;acousticEmission;201;0.069429691
1;acousticEmission;201;0.078596068
1;acousticEmission;201;0.085444597
1;acousticEmission;201;0.054334134
1;acousticEmission;201;0.064498855
1;acousticEmission;201;0.062143903
1;acousticEmission;201;0.071590081
1;acousticEmission;201;0.079882296
1;acousticEmission;201;0.097088942
1;acousticEmission;201;0.053689995
1;acousticEmission;201;0.064238815
1;acousticEmission;201;0.080105478
1;acousticEmission;201;0.092177092
1;acousticEmission;201;0.082845048
1;acousticEmission;201;0.069006314
1;acousticEmission;201;0.061666748
1;acousticEmission;201;0.087164672
1;acousticEmission;201;0.07140521
1;acousticEmission;201;0.078716111
1;acousticEmission;201;0.071992444
1;acousticEmission;201;0.082110688
1;acousticEmission;201;0.052884723
1;acousticEmission;201;0.066498117
1;acousticEmission;201;0.071363784
1;acousticEmission;201;0.086128994
1;acousticEmission;201;0.079989298
1;acousticEmission;201;0.066462853
1;acousticEmission;201;0.070389472
1;acousticEmission;201;0.064822804
1;acousticEmission;201;0.052098088
1;acousticEmission;201;0.087849509
1;acousticEmission;201;0.051485193
1;acousticEmission;201;0.057600248
1;acousticEmission;201;0.071173365
1;acousticEmission;201;0.0561179
1;acousticEmission;201;0.063931675
1;acousticEmission;201;0.070637832
1;acousticEmission;201;0.06262484
1;acousticEmission;201;0.064563696
1;acousticEmission;201;0.074826217
1;acousticEmission;201;0.073771518
1;acousticEmission;201;0.058978388
1;acousticEmission;201;0.071999137
1;acousticEmission;201;0.085085607
1;acousticEmission;201;0.083892212
1;acousticEmission;201;0.057663526
1;acousticEmission;201;0.06038393
1;acousticEmission;201;0.063014983
1;acousticEmission;201;0.061016776
1;acousticEmission;201;0.071459224
1;acousticEmission;201;0.06222439
1;acousticEmission;201;0.051456253
1;acousticEmission;201;0.086009768
1;acousticEmission;201;0.055312938
1;acousticEmission;201;0.067625333
1;acousticEmission;201;0.069971184
1;acousticEmission;201;0.073444838
1;acousticEmission;201;0.067308844
1;acousticEmission;201;0.066793125
1;acousticEmission;201;0.069667135
1;acousticEmission;201;0.062676728
1;acousticEmission;201;0.067726206
1;acousticEmission;201;0.073182004
1;acousticEmission;201;0.058796515
1;acousticEmission;201;0.073078493
1;acousticEmission;201;0.057180065
1;acousticEmission;201;0.074250178
1;acousticEmission;201;0.065179193
1;acousticEmission;201;0.07302445
1;acousticEmission;201;0.087900154
1;acousticEmission;201;0.103422484
1;acousticEmission;201;0.130681581
1;acousticEmission;201;0.049026917
1;acousticEmission;201;0.05314186
1;acousticEmission;201;0.051311567
1;acousticEmission;201;0.081002826
1;acousticEmission;201;0.068711577
1;acousticEmission;201;0.0735056
1;acousticEmission;201;0.061518345
1;acousticEmission;201;0.069812925
1;acousticEmission;201;0.088748461
1;acousticEmission;201;0.072380904
1;acousticEmission;201;0.054895872
1;acousticEmission;201;0.057093407
1;acousticEmission;201;0.067110338
1;acousticEmission;201;0.076697765
1;acousticEmission;201;0.062587682
1;acousticEmission;201;0.090807766
1;acousticEmission;201;0.06194314
1;acousticEmission;201;0.07323316
1;acousticEmission;201;0.060194896
1;acousticEmission;201;0.073537421
1;acousticEmission;201;0.066723373
1;acousticEmission;201;0.066942593
1;acousticEmission;201;0.059491826
1;acousticEmission;201;0.072579577
1;acousticEmission;201;0.053616105
1;acousticEmission;201;0.101654579
1;acousticEmission;201;0.101056914
1;acousticEmission;201;0.135165535
1;acousticEmission;201;0.095763046
1;acousticEmission;201;0.054901739
1;acousticEmission;201;0.076115379
1;acousticEmission;201;0.078634686
1;acousticEmission;201;0.060348549
1;accelerometer;201;0.070165682
1;acousticEmission;201;0.082922123
1;acousticEmission;201;0.049724593
1;acousticEmission;201;0.059409733
1;acousticEmission;201;0.058713238
1;accelerometer;201;0.074250203
1;acousticEmission;201;0.08059148
1;acousticEmission;201;0.068477978
1;acousticEmission;201;0.077930637
1;acousticEmission;201;0.094484887
1;acousticEmission;201;0.074840189
1;acousticEmission;201;0.064463035
1;acousticEmission;201;0.04815618
1;acousticEmission;201;0.053285315
1;acousticEmission;201;0.060864039
1;acousticEmission;201;0.091708
1;acousticEmission;201;0.054792547
1;acousticEmission;201;0.084341763
1;acousticEmission;201;0.063817982
1;acousticEmission;201;0.064753169
1;acousticEmission;201;0.050216186
1;acousticEmission;201;0.048028857
1;acousticEmission;201;0.057488107
1;acousticEmission;201;0.069346713
1;accelerometer;201;0.060868965
1;acousticEmission;201;0.062410225
1;acousticEmission;201;0.063027129
1;acousticEmission;201;0.07662788
1;acousticEmission;201;0.084857433
1;acousticEmission;201;0.096254827
1;acousticEmission;201;0.059549467
1;acousticEmission;201;0.075177505
1;acousticEmission;201;0.068310631
1;acousticEmission;201;0.063953839
1;acousticEmission;201;0.06344859
1;acousticEmission;201;0.092556053
1;acousticEmission;201;0.070847698
1;acousticEmission;201;0.072245485
1;acousticEmission;201;0.081580262
1;acousticEmission;201;0.077009455
1;acousticEmission;201;0.068947241
1;acousticEmission;201;0.076812667
1;acousticEmission;201;0.084687376
1;acousticEmission;201;0.061572876
1;acousticEmission;201;0.05824218
1;acousticEmission;201;0.065976117
1;acousticEmission;201;0.050852715
1;acousticEmission;201;0.065971598
1;acousticEmission;201;0.079046692
1;acousticEmission;201;0.0633259
1;acousticEmission;201;0.066001119
1;acousticEmission;201;0.073800056
1;acousticEmission;201;0.129308112
1;acousticEmission;201;0.295347062
1;acousticEmission;201;0.421898089
1;acousticEmission;201;0.28827961
1;acousticEmission;201;0.381590597
1;acousticEmission;201;0.370441121
1;acousticEmission;201;0.303514987
1;acousticEmission;201;0.278046263
1;acousticEmission;201;0.311738445
1;acousticEmission;201;0.29122853
1;acousticEmission;201;0.30722829
1;acousticEmission;201;0.180907974
1;acousticEmission;201;0.212989688
1;acousticEmission;201;0.268768675
1;acousticEmission;201;0.18070786
1;acousticEmission;201;0.078821621
1;acousticEmission;201;0.234249308
1;acousticEmission;201;0.098745856
1;acousticEmission;201;0.141432166
1;acousticEmission;201;0.340983746
1;acousticEmission;201;0.069622243
1;acousticEmission;201;0.339166333
1;acousticEmission;201;0.075491854
1;acousticEmission;201;0.078669238
1;acousticEmission;201;0.080030256
1;acousticEmission;201;0.059845765
1;acousticEmission;201;0.063193425
1;acousticEmission;201;0.063530328
1;acousticEmission;201;0.066043035
1;acousticEmission;201;0.048887903
1;acousticEmission;201;0.075307602
1;acousticEmission;201;0.066349487
1;acousticEmission;201;0.073657836
1;acousticEmission;201;0.079067214
1;acousticEmission;201;0.104390558
1;acousticEmission;201;0.06465559
1;acousticEmission;201;0.070986681
1;acousticEmission;201;0.059885885
1;acousticEmission;201;0.058066951
1;acousticEmission;201;0.08785043
1;acousticEmission;201;0.101484493
1;acousticEmission;201;0.07914383
1;acousticEmission;201;0.075366778
1;acousticEmission;201;0.073332173
1;acousticEmission;201;0.061929502
1;acousticEmission;201;0.048409039
1;acousticEmission;201;0.050635394
1;acousticEmission;201;0.065652623
1;acousticEmission;201;0.076891821
1;acousticEmission;201;0.053634544
1;acousticEmission;201;0.084963796
1;acousticEmission;201;0.074377731
1;acousticEmission;201;0.069023822
1;acousticEmission;201;0.054462918
1;acousticEmission;201;0.083248218
1;acousticEmission;201;0.051979886
1;acousticEmission;201;0.075920949
1;acousticEmission;201;0.069777802
1;acousticEmission;201;0.086391883
1;accelerometer;201;0.057825744
1;acousticEmission;201;0.073337136
1;acousticEmission;201;0.061607986
1;acousticEmission;201;0.062606269
1;acousticEmission;201;0.071646687
1;acousticEmission;201;0.068365037
1;acousticEmission;201;0.086666282
1;acousticEmission;201;0.06140439
1;acousticEmission;201;0.066489326
1;acousticEmission;201;0.161083229
1;acousticEmission;201;0.169788391
1;acousticEmission;201;0.202254763
1;acousticEmission;201;0.47039027
1;acousticEmission;201;0.572562728
1;acousticEmission;201;0.78459996
1;acousticEmission;201;0.813658261
1;acousticEmission;201;0.856341949
1;acousticEmission;201;0.826761348
1;acousticEmission;201;0.747562184
1;acousticEmission;201;0.839291705
1;acousticEmission;201;0.702769679
1;acousticEmission;201;0.646232058
1;acousticEmission;201;0.809527161
1;acousticEmission;201;0.690645898
1;acousticEmission;201;0.36026129
1;acousticEmission;201;0.802613813
1;acousticEmission;201;0.745740047
1;acousticEmission;201;0.435793728
1;acousticEmission;201;0.434378086
1;acousticEmission;201;0.268349094
1;acousticEmission;201;0.265993288
1;acousticEmission;201;0.172510501
1;acousticEmission;201;0.138050915
1;acousticEmission;201;0.52106895
1;acousticEmission;201;0.516169507
1;acousticEmission;201;0.516416588
1;acousticEmission;201;0.428372701
1;acousticEmission;201;0.354184376
1;acousticEmission;201;0.295970438
1;acousticEmission;201;0.051426683
1;acousticEmission;201;0.065378726
1;acousticEmission;201;0.07229347
1;acousticEmission;201;0.065410575
1;acousticEmission;201;0.073253935
1;acousticEmission;201;0.067957945
1;acousticEmission;201;0.065416728
1;acousticEmission;201;0.070691486
1;acousticEmission;201;0.060769343
1;acousticEmission;201;0.066568742
1;acousticEmission;201;0.052868307
1;acousticEmission;201;0.082417025
1;acousticEmission;201;0.084299787
1;acousticEmission;201;0.092941615
1;acousticEmission;201;0.08137791
1;acousticEmission;201;0.059598692
1;acousticEmission;201;0.061622835
1;acousticEmission;201;0.06736893
1;acousticEmission;201;0.065349222
1;acousticEmission;201;0.070887239
1;acousticEmission;201;0.080170152
1;acousticEmission;201;0.075507269
1;acousticEmission;201;0.086572343
1;acousticEmission;201;0.072591825
1;acousticEmission;201;0.070533359
1;acousticEmission;201;0.066445243
1;acousticEmission;201;0.076648079
1;acousticEmission;201;0.079732224
1;acousticEmission;201;0.066830363
1;acousticEmission;201;0.095887258
1;acousticEmission;201;0.06654487
1;acousticEmission;201;0.062350725
1;acousticEmission;201;0.074131142
1;acousticEmission;201;0.049767858
1;acousticEmission;201;0.07918105
1;acousticEmission;201;0.077277858
1;acousticEmission;201;0.075530046
1;acousticEmission;201;0.104924073
1;acousticEmission;201;0.107473103
1;acousticEmission;201;0.068784798
1;acousticEmission;201;0.05992157
1;acousticEmission;201;0.0565053
1;acousticEmission;201;0.066572574
1;acousticEmission;201;0.061347116
1;acousticEmission;201;0.076264694
1;acousticEmission;201;0.076354404
1;acousticEmission;201;0.077857918
1;acousticEmission;201;0.069389487
1;acousticEmission;201;0.074537422
1;acousticEmission;201;0.070185344
1;acousticEmission;201;0.080820987
1;acousticEmission;201;0.074715169
1;acousticEmission;201;0.073538728
1;acousticEmission;201;0.069886054
1;acousticEmission;201;0.067668063
1;acousticEmission;201;0.064414055
1;acousticEmission;201;0.064996944
1;acousticEmission;201;0.068758385
1;acousticEmission;201;0.068364459
1;acousticEmission;201;0.064886689
1;acousticEmission;201;0.111961249
1;acousticEmission;201;0.103379526
1;acousticEmission;201;0.07541073
1;acousticEmission;201;0.091187239
1;acousticEmission;201;0.103653542
1;acousticEmission;201;0.06570531
1;acousticEmission;201;0.065080833
1;acousticEmission;201;0.048237101
1;acousticEmission;201;0.08491285
1;acousticEmission;201;0.060187849
1;acousticEmission;201;0.070986426
1;acousticEmission;201;0.084755954
1;acousticEmission;201;0.068860277
1;acousticEmission;201;0.063036921
1;acousticEmission;201;0.055707577
1;acousticEmission;201;0.086884162
1;acousticEmission;201;0.049862262
1;acousticEmission;201;0.062252271
1;acousticEmission;201;0.109429147
1;acousticEmission;201;0.201835003
1;acousticEmission;201;0.147725192
1;acousticEmission;201;0.162926415
1;acousticEmission;201;0.083901671
1;acousticEmission;201;0.09015049
1;acousticEmission;201;0.08526526
1;acousticEmission;201;0.071626123
1;acousticEmission;201;0.087783789
1;acousticEmission;201;0.105086133
1;acousticEmission;201;0.071943511
1;acousticEmission;201;0.063274047
1;acousticEmission;201;0.058518618
1;acousticEmission;201;0.071351797
1;acousticEmission;201;0.059819457
1;acousticEmission;201;0.057445529
1;acousticEmission;201;0.063865568
1;acousticEmission;201;0.067751659
1;acousticEmission;201;0.078750323
1;acousticEmission;201;0.054909766
1;acousticEmission;201;0.071061468
1;acousticEmission;201;0.066250952
1;acousticEmission;201;0.083213078
1;acousticEmission;201;0.07830879
1;acousticEmission;201;0.117522486
1;acousticEmission;201;0.100524306
1;acousticEmission;201;0.090064509
1;acousticEmission;201;0.049842698
1;acousticEmission;201;0.070134739
1;acousticEmission;201;0.069376351
1;acousticEmission;201;0.088842296
1;acousticEmission;201;0.10409313
1;acousticEmission;201;0.066863084
1;acousticEmission;201;0.063572319
1;acousticEmission;201;0.088689033
1;acousticEmission;201;0.081601928
1;acousticEmission;201;0.068781278
1;acousticEmission;201;0.075168335
1;acousticEmission;201;0.051902857
1;acousticEmission;201;0.069805316
1;acousticEmission;201;0.063937849
1;acousticEmission;201;0.075049596
1;acousticEmission;201;0.074121936
1;acousticEmission;201;0.084702445
1;acousticEmission;201;0.06160568
1;acousticEmission;201;0.069833414
1;acousticEmission;201;0.08465926
1;acousticEmission;201;0.059434525
1;acousticEmission;201;0.055181347
1;acousticEmission;201;0.091042807
1;acousticEmission;201;0.066867825
1;acousticEmission;201;0.062143923
1;acousticEmission;201;0.056848779
1;acousticEmission;201;0.061504195
1;acousticEmission;201;0.057604272
1;acousticEmission;201;0.107557891
1;acousticEmission;201;0.081038328
1;acousticEmission;201;0.094777256
1;acousticEmission;201;0.068179748
1;acousticEmission;201;0.147925235
1;acousticEmission;201;0.067577863
1;acousticEmission;201;0.075207666
1;acousticEmission;201;0.065407522
1;acousticEmission;201;0.05843312
1;acousticEmission;201;0.070738378
1;acousticEmission;201;0.066335077
1;acousticEmission;201;0.059213595
1;acousticEmission;201;0.089417613
1;acousticEmission;201;0.08724299
1;acousticEmission;201;0.080664093
1;acousticEmission;201;0.059045527
1;acousticEmission;201;0.087025551
1;acousticEmission;201;0.074628929
1;accelerometer;201;0.097519352
1;acousticEmission;201;0.106953961
1;acousticEmission;201;0.070888315
1;acousticEmission;201;0.075366737
1;acousticEmission;201;0.071997181
1;acousticEmission;201;0.073134021
1;acousticEmission;201;0.088799287
1;acousticEmission;201;0.084530702
1;acousticEmission;201;0.060263697
1;acousticEmission;201;0.049614659
1;acousticEmission;201;0.079717433
1;acousticEmission;201;0.053139015
1;acousticEmission;201;0.058787454
1;acousticEmission;201;0.074029744
1;acousticEmission;201;0.070860306
1;acousticEmission;201;0.079139803
1;acousticEmission;201;0.062790548
1;acousticEmission;201;0.063884469
1;acousticEmission;201;0.050433762
1;acousticEmission;201;0.066092891
1;acousticEmission;201;0.065780145
1;acousticEmission;201;0.082057643
1;acousticEmission;201;0.100646434
1;acousticEmission;201;0.06990178
1;acousticEmission;201;0.083617683
1;acousticEmission;201;0.048480362
1;acousticEmission;201;0.158799141
1;acousticEmission;201;0.079007499
1;acousticEmission;201;0.075170936
1;acousticEmission;201;0.075210591
1;acousticEmission;201;0.058601996
1;acousticEmission;201;0.096512051
1;acousticEmission;201;0.090141708
1;acousticEmission;201;0.05530226
1;acousticEmission;201;0.05589827
1;acousticEmission;201;0.07023324
1;acousticEmission;201;0.063644649
1;acousticEmission;201;0.061585728
1;acousticEmission;201;0.054197225
1;acousticEmission;201;0.068758007
1;acousticEmission;201;0.065997105
1;acousticEmission;201;0.085982062
1;acousticEmission;201;0.104787191
1;acousticEmission;201;0.123433617
1;acousticEmission;201;0.079169144
1;acousticEmission;201;0.067825716
1;acousticEmission;201;0.057413743
1;acousticEmission;201;0.049641926
1;acousticEmission;201;0.063536165
1;acousticEmission;201;0.082051901
1;acousticEmission;201;0.060918681
1;acousticEmission;201;0.068381622
1;acousticEmission;201;0.064553889
1;acousticEmission;201;0.076363844
1;acousticEmission;201;0.070965427
1;acousticEmission;201;0.067449499
1;acousticEmission;201;0.070098299
1;acousticEmission;201;0.068341868
1;acousticEmission;201;0.070781355
1;acousticEmission;201;0.067323756
1;acousticEmission;201;0.086008372
1;acousticEmission;201;0.091826047
1;acousticEmission;201;0.084974098
1;acousticEmission;201;0.066359456
1;acousticEmission;201;0.049886987
1;acousticEmission;201;0.067706503
1;acousticEmission;201;0.062965882
1;acousticEmission;201;0.073105972
1;acousticEmission;201;0.052045777
1;acousticEmission;201;0.053574017
1;acousticEmission;201;0.069876711
1;acousticEmission;201;0.082943974
1;acousticEmission;201;0.064748298
1;acousticEmission;201;0.047867992
1;acousticEmission;201;0.066407608
1;acousticEmission;201;0.09706144
1;acousticEmission;201;0.067003551
1;acousticEmission;201;0.054231927
1;acousticEmission;201;0.068288155
1;acousticEmission;201;0.069434623
1;acousticEmission;201;0.059427465
1;acousticEmission;201;0.064068656
1;acousticEmission;201;0.078307321
1;acousticEmission;201;0.094814109
1;acousticEmission;201;0.066474595
1;acousticEmission;201;0.084647599
1;acousticEmission;201;0.061479778
1;acousticEmission;201;0.071874682
1;acousticEmission;201;0.087888275
1;acousticEmission;201;0.075023327
1;acousticEmission;201;0.08662169
1;acousticEmission;201;0.101525347
1;acousticEmission;201;0.085655
1;acousticEmission;201;0.111368711
1;acousticEmission;201;0.05938362
1;acousticEmission;201;0.069077622
1;acousticEmission;201;0.076517364
1;acousticEmission;201;0.058805743
1;acousticEmission;201;0.072989055
1;acousticEmission;201;0.069321546
1;acousticEmission;201;0.070890307
1;acousticEmission;201;0.068611658
1;acousticEmission;201;0.064015506
1;acousticEmission;201;0.056572236
1;acousticEmission;201;0.062424531
1;acousticEmission;201;0.068880419
1;acousticEmission;201;0.055974639
1;acousticEmission;201;0.06767196
1;acousticEmission;201;0.055510417
1;acousticEmission;201;0.063805214
1;acousticEmission;201;0.079032535
1;acousticEmission;201;0.076145404
1;acousticEmission;201;0.081059232
1;acousticEmission;201;0.067159933
1;acousticEmission;201;0.069367922
1;acousticEmission;201;0.054083686
1;acousticEmission;201;0.063918872
1;acousticEmission;201;0.053328694
1;acousticEmission;201;5.058781568
1;acousticEmission;201;0.071564788
1;acousticEmission;201;0.06873148
1;acousticEmission;201;0.063806932
1;acousticEmission;201;0.065431235
1;acousticEmission;201;0.075375541
1;acousticEmission;201;0.064750475
1;acousticEmission;201;0.076590804
1;acousticEmission;201;0.073623791
1;acousticEmission;201;0.078277012
1;acousticEmission;201;0.079642649
1;acousticEmission;201;0.096956389
1;acousticEmission;201;0.091641159
1;acousticEmission;201;0.066790993
1;acousticEmission;201;0.076654881
1;acousticEmission;201;0.069766484
1;acousticEmission;201;0.048453923
1;acousticEmission;201;0.05781054
1;acousticEmission;201;0.075211957
1;acousticEmission;201;0.068397182
1;acousticEmission;201;0.102476117
1;acousticEmission;201;0.067947489
1;acousticEmission;201;0.059900289
1;acousticEmission;201;0.055355631
1;acousticEmission;201;0.067724125
1;acousticEmission;201;0.053797754
1;acousticEmission;201;0.06483091
1;acousticEmission;201;0.062110503
1;acousticEmission;201;0.078785077
1;acousticEmission;201;0.088063795
1;acousticEmission;201;0.127055986
1;acousticEmission;201;0.077911547
1;acousticEmission;201;0.066242543
1;acousticEmission;201;0.073758822
1;acousticEmission;201;0.062371257
1;acousticEmission;201;0.061956995
1;acousticEmission;201;0.060013401
1;acousticEmission;201;0.059038285
1;acousticEmission;201;0.053288786
1;acousticEmission;201;0.058742972
1;acousticEmission;201;0.077253461
1;acousticEmission;201;0.066956247
1;acousticEmission;201;0.067061487
1;acousticEmission;201;0.069796504
1;acousticEmission;201;0.064727255
1;acousticEmission;201;0.079633013
1;acousticEmission;201;0.05428255
1;acousticEmission;201;0.074534192
1;acousticEmission;201;0.064138107
1;acousticEmission;201;0.067623455
1;acousticEmission;201;0.06455957
1;acousticEmission;201;0.067884396
1;acousticEmission;201;0.069744772
1;acousticEmission;201;0.059504147
1;acousticEmission;201;0.073956094
1;acousticEmission;201;0.076615406
1;acousticEmission;201;0.060958376
1;acousticEmission;201;0.107971153
1;acousticEmission;201;0.055129052
1;acousticEmission;201;0.070695108
1;acousticEmission;201;0.061610492
1;acousticEmission;201;0.068840494
1;acousticEmission;201;0.066954468
1;acousticEmission;201;0.063056437
1;acousticEmission;201;0.065922855
1;acousticEmission;201;0.085178143
1;acousticEmission;201;0.094291845
1;acousticEmission;201;0.062691732
1;acousticEmission;201;0.064171865
1;acousticEmission;201;0.076045453
1;acousticEmission;201;0.055128722
1;acousticEmission;201;0.084938083
1;acousticEmission;201;0.065322176
1;acousticEmission;201;0.082514964
1;acousticEmission;201;0.072799324
1;acousticEmission;201;0.053337381
1;acousticEmission;201;0.080122807
1;acousticEmission;201;0.075467212
1;acousticEmission;201;0.080659156
1;acousticEmission;201;0.078973779
1;acousticEmission;201;0.064162376
1;acousticEmission;201;0.055722965
1;acousticEmission;201;0.060066879
1;acousticEmission;201;0.061344897
1;acousticEmission;201;0.059608871
1;acousticEmission;201;0.050504518
1;acousticEmission;201;0.065176902
1;acousticEmission;201;0.074373841
1;acousticEmission;201;0.079061205
1;acousticEmission;201;0.092951352
1;acousticEmission;201;0.111122202
1;acousticEmission;201;0.110591647
1;acousticEmission;201;0.164026361
1;acousticEmission;201;0.12923598
1;acousticEmission;201;0.181736664
1;acousticEmission;201;0.094210605
1;acousticEmission;201;0.095242177
1;acousticEmission;201;0.051974293
1;acousticEmission;201;0.073018636
1;acousticEmission;201;0.083592513
1;acousticEmission;201;0.065658018
1;acousticEmission;201;0.06427434
1;acousticEmission;201;0.05970771
1;acousticEmission;201;0.078320686
1;acousticEmission;201;0.077727086
1;acousticEmission;201;0.066456809
1;acousticEmission;201;0.078856805
1;acousticEmission;201;0.126191955
1;acousticEmission;201;0.058868683
1;acousticEmission;201;0.067899809
1;acousticEmission;201;0.068661655
1;acousticEmission;201;0.085635908
1;acousticEmission;201;0.063793661
1;acousticEmission;201;0.095565715
1;acousticEmission;201;0.073807754
1;acousticEmission;201;0.060283503
1;acousticEmission;201;0.071456851
1;acousticEmission;201;0.06191033
1;acousticEmission;201;0.064185033
1;acousticEmission;201;0.079672268
1;acousticEmission;201;0.082817349
1;acousticEmission;201;0.050670757
1;acousticEmission;201;0.078280403
1;acousticEmission;201;0.069820423
1;acousticEmission;201;0.105162762
1;acousticEmission;201;0.115164301
1;acousticEmission;201;0.057747179
1;acousticEmission;201;0.073728811
1;acousticEmission;201;0.054638487
1;acousticEmission;201;0.059449388
1;acousticEmission;201;0.071076695
1;acousticEmission;201;0.057750715
1;acousticEmission;201;0.085926756
1;acousticEmission;201;0.076856174
1;acousticEmission;201;0.071775968
1;acousticEmission;201;0.066759827
1;acousticEmission;201;0.074578826
1;acousticEmission;201;0.069892304
1;acousticEmission;201;0.053239261
1;acousticEmission;201;0.083274638
1;acousticEmission;201;0.077525973
1;acousticEmission;201;0.066232871
1;acousticEmission;201;0.063255887
1;acousticEmission;201;0.061614142
1;acousticEmission;201;0.064584876
1;acousticEmission;201;0.078981972
1;acousticEmission;201;0.058484119
1;acousticEmission;201;0.056526612
1;acousticEmission;201;0.096045686
1;acousticEmission;201;0.070205557
1;acousticEmission;201;0.071562765
1;acousticEmission;201;0.065150084
1;acousticEmission;201;0.069069989
1;accelerometer;201;0.064543553
1;acousticEmission;201;0.073833975
1;acousticEmission;201;0.080217013
1;acousticEmission;201;0.073629302
1;acousticEmission;201;0.054153838
1;acousticEmission;201;0.056169633
1;acousticEmission;201;0.059792357
1;acousticEmission;201;0.068316756
1;acousticEmission;201;0.063777348
1;acousticEmission;201;0.063555844
1;acousticEmission;201;0.077750962
1;acousticEmission;201;0.106997674
1;acousticEmission;201;0.117611974
1;acousticEmission;201;0.065827341
1;acousticEmission;201;0.0659103
1;acousticEmission;201;0.047574659
1;acousticEmission;201;0.085985766
1;acousticEmission;201;0.060546207
1;acousticEmission;201;0.071870331
1;acousticEmission;201;0.055229645
1;acousticEmission;201;0.061580868
1;acousticEmission;201;0.069931677
1;acousticEmission;201;0.063010385
1;acousticEmission;201;0.050611552
1;acousticEmission;201;0.082046029
1;acousticEmission;201;0.069585119
1;acousticEmission;201;0.066050972
1;accelerometer;201;0.071207012
1;acousticEmission;201;0.055845069
1;acousticEmission;201;0.087483943
1;acousticEmission;201;0.088823671
1;acousticEmission;201;0.061419838
1;acousticEmission;201;0.070758521
1;acousticEmission;201;0.063812968
1;acousticEmission;201;0.068096516
1;acousticEmission;201;0.082445229
1;acousticEmission;201;0.0839321
1;acousticEmission;201;0.070024764
1;acousticEmission;201;0.06756012
1;acousticEmission;201;0.073533661
1;acousticEmission;201;0.068290665
1;acousticEmission;201;0.060502862
1;acousticEmission;201;0.064747689
1;acousticEmission;201;0.061690918
1;acousticEmission;201;0.066873866
1;acousticEmission;201;0.071701074
1;acousticEmission;201;0.072890927
1;acousticEmission;201;0.069002579
1;acousticEmission;201;0.061162875
1;acousticEmission;201;0.075883415
1;acousticEmission;201;0.072606182
1;acousticEmission;201;0.074073778
1;acousticEmission;201;0.0649853
1;acousticEmission;201;0.070996269
1;acousticEmission;201;0.082462429
1;acousticEmission;201;0.06762092
1;acousticEmission;201;0.068855703
1;acousticEmission;201;0.065182753
1;acousticEmission;201;0.06145442
1;acousticEmission;201;0.06520279
1;acousticEmission;201;0.067211088
1;acousticEmission;201;0.085354626
1;acousticEmission;201;0.077043912
1;acousticEmission;201;0.080490767
1;acousticEmission;201;0.070953972
1;acousticEmission;201;0.072192534
1;acousticEmission;201;0.073604623
1;acousticEmission;201;0.083842516
1;acousticEmission;201;0.073941862
1;acousticEmission;201;0.060933678
1;acousticEmission;201;0.091749941
1;acousticEmission;201;0.066600149
1;acousticEmission;201;0.071939639
1;acousticEmission;201;0.067777312
1;acousticEmission;201;0.074221944
1;acousticEmission;201;0.084265499
1;acousticEmission;201;0.083455345
1;acousticEmission;201;0.058368711
1;accelerometer;201;0.087240119
1;acousticEmission;201;0.08258063
1;acousticEmission;201;0.068351935
1;acousticEmission;201;0.081274079
1;acousticEmission;201;0.068234124
1;acousticEmission;201;0.072118157
1;acousticEmission;201;0.081568019
1;acousticEmission;201;0.080688686
1;acousticEmission;201;0.052910104
1;acousticEmission;201;0.058288345
1;acousticEmission;201;0.065318067
1;acousticEmission;201;0.073210098
1;acousticEmission;201;0.088688951
1;acousticEmission;201;0.102134096
1;acousticEmission;201;0.087208092
1;acousticEmission;201;0.135606207
1;acousticEmission;201;0.085061932
1;acousticEmission;201;0.088513164
1;acousticEmission;201;0.101688442
1;accelerometer;201;0.077218794
1;acousticEmission;201;0.082475029
1;acousticEmission;201;0.115644009
1;acousticEmission;201;0.124535002
1;acousticEmission;201;0.058882619
1;acousticEmission;201;0.097149676
1;acousticEmission;201;0.091394256
1;acousticEmission;201;0.082034162
1;acousticEmission;201;0.113248798
1;acousticEmission;201;0.110703387
1;acousticEmission;201;0.084258644
1;acousticEmission;201;0.05977854
1;acousticEmission;201;0.066121165
1;accelerometer;201;0.063277391
1;acousticEmission;201;0.106016232
1;acousticEmission;201;0.056084456
1;acousticEmission;201;0.064249498
1;acousticEmission;201;0.084267066
1;acousticEmission;201;0.066283056
1;acousticEmission;201;0.060829214
1;acousticEmission;201;0.063590644
1;acousticEmission;201;0.056108251
1;acousticEmission;201;0.054270589
1;acousticEmission;201;0.052609831
1;acousticEmission;201;0.059098618
1;acousticEmission;201;0.054290269
1;acousticEmission;201;0.069261407
1;acousticEmission;201;0.065004682
1;acousticEmission;201;0.069176083
1;acousticEmission;201;0.061211164
1;acousticEmission;201;0.062293251
1;acousticEmission;201;0.054546934
1;acousticEmission;201;0.056576169
1;acousticEmission;201;0.071935987
1;acousticEmission;201;0.071249379
1;acousticEmission;201;0.071882893
1;acousticEmission;201;0.086636636
1;acousticEmission;201;0.081576616
1;acousticEmission;201;0.062702233
1;acousticEmission;201;0.070878592
1;acousticEmission;201;0.072125994
1;acousticEmission;201;0.059918336
1;acousticEmission;201;0.060281922
1;acousticEmission;201;0.068404158
1;acousticEmission;201;0.069828689
1;acousticEmission;201;0.058652688
1;acousticEmission;201;0.064884315
1;acousticEmission;201;0.106330382
1;acousticEmission;201;0.078117945
1;acousticEmission;201;0.092298055
1;acousticEmission;201;0.084676652
1;acousticEmission;201;0.071500389
1;acousticEmission;201;0.07535481
1;acousticEmission;201;0.088023892
1;acousticEmission;201;0.096452061
1;acousticEmission;201;0.08621784
1;acousticEmission;201;0.068916859
1;acousticEmission;201;0.102885973
1;acousticEmission;201;0.070341072
1;acousticEmission;201;0.053521413
1;acousticEmission;201;0.056231753
1;acousticEmission;201;0.05870404
1;acousticEmission;201;0.069588225
1;acousticEmission;201;0.074486792
1;acousticEmission;201;0.064354529
1;acousticEmission;201;0.077036777
1;acousticEmission;201;0.060408242
1;acousticEmission;201;0.086446991
1;acousticEmission;201;0.078872024
1;acousticEmission;201;0.0688442
1;acousticEmission;201;0.052741627
1;acousticEmission;201;0.071177508
1;acousticEmission;201;0.059719017
1;acousticEmission;201;0.066923245
1;acousticEmission;201;0.062554085
1;acousticEmission;201;0.098202489
1;acousticEmission;201;0.081541261
1;acousticEmission;201;0.0710565
1;acousticEmission;201;0.066860482
1;acousticEmission;201;0.073874312
1;acousticEmission;201;0.067286296
1;acousticEmission;201;0.059889737
1;acousticEmission;201;0.063210963
1;acousticEmission;201;0.061062548
1;acousticEmission;201;0.065363461
1;acousticEmission;201;0.05494746
1;acousticEmission;201;0.065264979
1;acousticEmission;201;0.056920449
1;acousticEmission;201;0.095682197
1;acousticEmission;201;0.096437805
1;acousticEmission;201;0.066546995
1;acousticEmission;201;0.057961142
1;acousticEmission;201;0.067776304
1;acousticEmission;201;0.083248821
1;acousticEmission;201;0.071177337
1;acousticEmission;201;0.073706845
1;acousticEmission;201;0.076097022
1;acousticEmission;201;0.066765745
1;acousticEmission;201;0.070375994
1;acousticEmission;201;0.061335745
1;acousticEmission;201;0.056507369
1;acousticEmission;201;0.051805159
1;acousticEmission;201;0.051933063
1;acousticEmission;201;0.05253686
1;acousticEmission;201;0.06081576
1;acousticEmission;201;0.065881039
1;acousticEmission;201;0.083190184
1;acousticEmission;201;0.075132166
1;acousticEmission;201;0.079859901
1;acousticEmission;201;0.099312595
1;acousticEmission;201;0.110114264
1;acousticEmission;201;0.104025801
1;acousticEmission;201;0.167759924
1;acousticEmission;201;0.102197105
1;acousticEmission;201;0.093366471
1;acousticEmission;201;0.056991716
1;acousticEmission;201;0.086905087
1;acousticEmission;201;0.068957285
1;acousticEmission;201;0.080110513
1;acousticEmission;201;0.068373037
1;acousticEmission;201;0.079208456
1;acousticEmission;201;0.063704619
1;acousticEmission;201;0.063840372
1;acousticEmission;201;0.05221786
1;acousticEmission;201;0.067869329
1;acousticEmission;201;0.062902595
1;acousticEmission;201;0.093569469
1;acousticEmission;201;0.086125592
1;acousticEmission;201;0.070575726
1;acousticEmission;201;0.086417232
1;acousticEmission;201;0.076494445
1;acousticEmission;201;0.078838763
1;acousticEmission;201;0.07999466
1;acousticEmission;201;0.070787724
1;acousticEmission;201;0.085824917
1;acousticEmission;201;0.104406283
1;acousticEmission;201;0.076454042
1;acousticEmission;201;0.070219428
1;acousticEmission;201;0.068477332
1;acousticEmission;201;0.048428237
1;acousticEmission;201;0.074231424
1;acousticEmission;201;0.075588191
1;acousticEmission;201;0.064069008
1;acousticEmission;201;0.073993844
1;acousticEmission;201;0.090456727
1;acousticEmission;201;0.059006182
1;acousticEmission;201;0.060756108
1;acousticEmission;201;0.073829369
1;acousticEmission;201;0.087077394
1;acousticEmission;201;0.077250294
1;acousticEmission;201;0.058541702
1;acousticEmission;201;0.069959291
1;acousticEmission;201;0.079775704
1;acousticEmission;201;0.060668107
1;acousticEmission;201;0.057927728
1;acousticEmission;201;0.055459617
1;acousticEmission;201;0.061164259
1;acousticEmission;201;0.063553941
1;acousticEmission;201;0.072571982
1;acousticEmission;201;0.059468689
1;acousticEmission;201;0.089086805
1;acousticEmission;201;0.06579675
1;acousticEmission;201;0.059697932
1;acousticEmission;201;0.091686509
1;accelerometer;201;0.049977944
1;acousticEmission;201;0.070867251
1;acousticEmission;201;0.055367646
1;acousticEmission;201;0.078866559
1;acousticEmission;201;0.082351318
1;acousticEmission;201;0.077210637
1;acousticEmission;201;0.091798743
1;acousticEmission;201;0.079658545
1;accelerometer;201;0.085828083
1;acousticEmission;201;0.071743985
1;acousticEmission;201;0.07270028
1;acousticEmission;201;0.057778539
1;acousticEmission;201;0.048250115
1;acousticEmission;201;0.062572387
1;acousticEmission;201;0.05473278
1;acousticEmission;201;0.071458815
1;acousticEmission;201;0.067031004
1;acousticEmission;201;0.082179811
1;acousticEmission;201;0.083623464
1;acousticEmission;201;0.055340312
1;acousticEmission;201;0.06203254
1;acousticEmission;201;0.07093149
1;acousticEmission;201;0.064913508
1;acousticEmission;201;0.075633449
1;acousticEmission;201;0.083516678
1;acousticEmission;201;0.054920207
1;acousticEmission;201;0.071191524
1;acousticEmission;201;0.058582707
1;acousticEmission;201;0.079985699
1;acousticEmission;201;0.066817485
1;acousticEmission;201;0.058436655
1;acousticEmission;201;0.068962012
1;acousticEmission;201;0.068358159
1;acousticEmission;201;0.057376774
1;acousticEmission;201;0.06092602
1;acousticEmission;201;0.065962928
1;acousticEmission;201;0.07218908
1;acousticEmission;201;0.064418153
1;acousticEmission;201;0.093006749
1;acousticEmission;201;0.065603268
1;acousticEmission;201;0.081381658
1;acousticEmission;201;0.070115727
1;acousticEmission;201;0.060956439
1;acousticEmission;201;0.089737821
1;acousticEmission;201;0.101368518
1;acousticEmission;201;0.121280497
1;acousticEmission;201;0.053159109
1;acousticEmission;201;0.045765186
1;acousticEmission;201;0.050761964
1;acousticEmission;201;0.069078285
1;accelerometer;201;0.084946901
1;acousticEmission;201;0.063945582
1;acousticEmission;201;0.05652596
1;acousticEmission;201;0.059679006
1;acousticEmission;201;0.066432944
1;acousticEmission;201;0.082293784
1;acousticEmission;201;0.067974389
1;acousticEmission;201;0.062334394
1;acousticEmission;201;0.065637742
1;acousticEmission;201;0.068767791
1;acousticEmission;201;0.072050055
1;acousticEmission;201;0.057667127
1;acousticEmission;201;0.088017231
1;acousticEmission;201;0.064451781
1;acousticEmission;201;0.073394515
1;acousticEmission;201;0.065817444
1;acousticEmission;201;0.08183588
1;acousticEmission;201;0.074256121
1;acousticEmission;201;0.061689241
1;acousticEmission;201;0.065204566
1;acousticEmission;201;0.078568224
1;acousticEmission;201;0.060946612
1;acousticEmission;201;0.107069888
1;acousticEmission;201;0.116652413
1;acousticEmission;201;0.122470443
1;acousticEmission;201;0.101903747
1;acousticEmission;201;0.065044855
1;acousticEmission;201;0.071692988
1;acousticEmission;201;0.082325083
1;acousticEmission;201;0.063975506
1;acousticEmission;201;0.062356314
1;acousticEmission;201;0.063668143
1;acousticEmission;201;0.062292638
1;acousticEmission;201;0.062739897
1;accelerometer;201;0.076563249
1;acousticEmission;201;0.077359592
1;acousticEmission;201;0.066472003
1;acousticEmission;201;0.077172553
1;acousticEmission;201;0.095512845
1;acousticEmission;201;0.068426451
1;acousticEmission;201;0.070727591
1;acousticEmission;201;0.064912064
1;acousticEmission;201;0.051571622
1;acousticEmission;201;0.080200829
1;acousticEmission;201;0.089141754
1;acousticEmission;201;0.063761916
1;acousticEmission;201;0.079192266
1;accelerometer;201;0.083867239
1;acousticEmission;201;0.063348094
1;acousticEmission;201;0.061156135
1;acousticEmission;201;0.065854492
1;acousticEmission;201;0.047762701
1;acousticEmission;201;0.056365878
1;acousticEmission;201;0.065787438
1;acousticEmission;201;0.053671445
1;acousticEmission;201;0.062450008
1;acousticEmission;201;0.064131701
1;acousticEmission;201;0.049748736
1;acousticEmission;201;0.061823165
1;acousticEmission;201;0.052068004
1;acousticEmission;201;0.068108848
1;acousticEmission;201;0.068532316
1;accelerometer;201;0.077789955
1;acousticEmission;201;0.073667108
1;acousticEmission;201;0.071892254
1;acousticEmission;201;0.088201046
1;acousticEmission;201;0.06640122
1;acousticEmission;201;0.066002083
1;acousticEmission;201;0.075315578
1;acousticEmission;201;0.074683937
1;acousticEmission;201;0.076133488
1;acousticEmission;201;0.071264716
1;acousticEmission;201;0.064594492
1;acousticEmission;201;0.078195976
1;acousticEmission;201;0.058555692
1;acousticEmission;201;0.048662752
1;acousticEmission;201;0.051084791
1;acousticEmission;201;0.063981944
1;acousticEmission;201;0.053437753
1;acousticEmission;201;0.06127199
1;acousticEmission;201;0.081893215
1;acousticEmission;201;0.065971121
1;acousticEmission;201;0.06365789
1;acousticEmission;201;0.090730069
1;acousticEmission;201;0.08431867
1;acousticEmission;201;0.059048167
1;acousticEmission;201;0.052212575
1;acousticEmission;201;0.067307081
1;acousticEmission;201;0.056516474
1;acousticEmission;201;0.063073733
1;acousticEmission;201;0.079191416
1;acousticEmission;201;0.066283326
1;acousticEmission;201;0.076163182
1;acousticEmission;201;0.075098667
1;acousticEmission;201;0.062146272
1;acousticEmission;201;0.079823201
1;acousticEmission;201;0.084474089
1;acousticEmission;201;0.073398592
1;acousticEmission;201;0.089924195
1;acousticEmission;201;0.107139725
1;acousticEmission;201;0.066519263
1;acousticEmission;201;0.073885015
1;acousticEmission;201;0.070864037
1;acousticEmission;201;0.07275941
1;accelerometer;201;0.064582817
1;acousticEmission;201;0.080630758
1;acousticEmission;201;0.081877602
1;acousticEmission;201;0.083394785
1;acousticEmission;201;0.102389206
1;acousticEmission;201;0.06782754
1;acousticEmission;201;0.049089981
1;acousticEmission;201;0.083978973
1;acousticEmission;201;0.068039041
1;acousticEmission;201;0.068710897
1;acousticEmission;201;0.074641982
1;acousticEmission;201;0.068409909
1;acousticEmission;201;0.071111049
1;acousticEmission;201;0.086760054
1;acousticEmission;201;0.052534201
1;acousticEmission;201;0.049236352
1;acousticEmission;201;0.063203203
1;acousticEmission;201;0.070528341
1;acousticEmission;201;0.06054513
1;accelerometer;201;0.07632183
1;acousticEmission;201;0.070718257
1;acousticEmission;201;0.064224077
1;acousticEmission;201;0.091581353
1;acousticEmission;201;0.07014493
1;acousticEmission;201;0.061267951
1;acousticEmission;201;0.055049609
1;acousticEmission;201;0.06595185
1;acousticEmission;201;0.076746358
1;acousticEmission;201;0.076351933
1;acousticEmission;201;0.05085609
1;acousticEmission;201;0.067255782
1;acousticEmission;201;0.065602255
1;acousticEmission;201;0.058221426
1;acousticEmission;201;0.064073198
1;acousticEmission;201;0.078923646
1;acousticEmission;201;0.058369959
1;acousticEmission;201;0.074221409
1;acousticEmission;201;0.061699577
1;acousticEmission;201;0.093374382
1;acousticEmission;201;0.082464473
1;acousticEmission;201;0.114061698
1;acousticEmission;201;0.156074052
1;acousticEmission;201;0.108860799
1;acousticEmission;201;0.077837582
1;acousticEmission;201;0.116568103
1;acousticEmission;201;0.21086303
1;acousticEmission;201;0.162652746
1;acousticEmission;201;0.130657885
1;accelerometer;201;0.140859716
1;acousticEmission;201;0.152727274
1;acousticEmission;201;0.086655253
1;acousticEmission;201;0.110591253
1;acousticEmission;201;0.142096015
1;acousticEmission;201;0.195574494
1;acousticEmission;201;0.224927833
1;acousticEmission;201;0.169244542
1;acousticEmission;201;0.113607313
1;acousticEmission;201;0.048635821
1;acousticEmission;201;0.079402505
1;acousticEmission;201;0.073021617
1;acousticEmission;201;0.066497567
1;acousticEmission;201;0.069709089
1;acousticEmission;201;0.069199787
1;acousticEmission;201;0.084535912
1;acousticEmission;201;0.098461938
1;acousticEmission;201;0.061412278
1;acousticEmission;201;0.076616156
1;acousticEmission;201;0.062288689
1;acousticEmission;201;0.109698978
1;acousticEmission;201;0.082057012
1;acousticEmission;201;0.079167166
1;acousticEmission;201;0.065919849
1;acousticEmission;201;0.063864163
1;acousticEmission;201;0.107248326
1;accelerometer;201;0.066174885
1;acousticEmission;201;0.07254217
1;acousticEmission;201;0.064726036
1;accelerometer;201;0.072764632
1;acousticEmission;201;0.077082096
1;acousticEmission;201;0.098605598
1;acousticEmission;201;0.061491804
1;acousticEmission;201;0.063386175
1;acousticEmission;201;0.066532802
1;acousticEmission;201;0.062921775
1;acousticEmission;201;0.069327151
1;acousticEmission;201;0.066904031
1;acousticEmission;201;0.061854931
1;acousticEmission;201;0.074239859
1;acousticEmission;201;0.057699016
1;acousticEmission;201;0.051855229
1;acousticEmission;201;0.054215843
1;acousticEmission;201;0.070324555
1;acousticEmission;201;0.077213945
1;acousticEmission;201;0.084537881
1;acousticEmission;201;0.075509889
1;acousticEmission;201;0.075421588
1;acousticEmission;201;0.056296676
1;acousticEmission;201;0.066731841
1;acousticEmission;201;0.06707196
1;acousticEmission;201;0.0614228
1;acousticEmission;201;0.067788227
1;acousticEmission;201;0.067767899
1;acousticEmission;201;0.077724289
1;acousticEmission;201;0.064634745
1;acousticEmission;201;0.066544792
1;acousticEmission;201;0.056977058
1;acousticEmission;201;0.065232216
1;acousticEmission;201;0.077137941
1;acousticEmission;201;0.058915385
1;acousticEmission;201;0.082768954
1;acousticEmission;201;0.080421081
1;acousticEmission;201;0.069105577
1;acousticEmission;201;0.053005713
1;acousticEmission;201;0.060188264
1;acousticEmission;201;0.071756899
1;acousticEmission;201;0.067460753
1;acousticEmission;201;0.067685183
1;acousticEmission;201;0.071048975
1;acousticEmission;201;0.108812141
1;acousticEmission;201;0.064996586
1;acousticEmission;201;0.067417067
1;acousticEmission;201;0.067935486
1;acousticEmission;201;0.066480841
1;acousticEmission;201;0.058609525
1;acousticEmission;201;0.083653026
1;acousticEmission;201;0.056505943
1;acousticEmission;201;0.057687081
1;acousticEmission;201;0.060788594
1;acousticEmission;201;0.056316646
1;acousticEmission;201;0.061482314
1;acousticEmission;201;0.07424639
1;acousticEmission;201;0.073132329
1;acousticEmission;201;0.08415926
1;acousticEmission;201;0.074939672
1;acousticEmission;201;0.059562611
1;acousticEmission;201;0.075113354
1;acousticEmission;201;0.055701792
1;acousticEmission;201;0.064336102
1;acousticEmission;201;0.059765259
1;acousticEmission;201;0.095329802
1;acousticEmission;201;0.067203242
1;acousticEmission;201;0.075144797
1;acousticEmission;201;0.058957284
1;acousticEmission;201;0.084464747
1;acousticEmission;201;0.089578712
1;acousticEmission;201;0.073963091
1;acousticEmission;201;0.062310168
1;acousticEmission;201;0.063816934
1;acousticEmission;201;0.071527462
1;acousticEmission;201;0.067048448
1;acousticEmission;201;0.081300328
1;acousticEmission;201;0.102526357
1;acousticEmission;201;0.065549532
1;acousticEmission;201;0.05235505
1;acousticEmission;201;0.070407775
1;acousticEmission;201;0.082924683
1;acousticEmission;201;0.066139356
1;acousticEmission;201;0.095130289
1;acousticEmission;201;0.076705212
1;acousticEmission;201;0.072828475
1;acousticEmission;201;0.05189878
1;acousticEmission;201;0.078155221
1;acousticEmission;201;0.057386409
1;acousticEmission;201;0.073375582
1;acousticEmission;201;0.074139434
1;acousticEmission;201;0.072888732
1;acousticEmission;201;0.08156678
1;acousticEmission;201;0.105001669
1;acousticEmission;201;0.086652668
1;acousticEmission;201;0.063906998
1;acousticEmission;201;0.045266501
1;acousticEmission;201;0.076731119
1;acousticEmission;201;0.049812321
1;acousticEmission;201;0.054657955
1;acousticEmission;201;0.063996025
1;acousticEmission;201;0.060428937
1;acousticEmission;201;0.0909431
1;acousticEmission;201;0.05091365
1;acousticEmission;201;0.079544459
1;acousticEmission;201;0.062952509
1;acousticEmission;201;0.07766175
1;acousticEmission;201;0.071136032
1;acousticEmission;201;0.07981545
1;acousticEmission;201;0.06896916
1;acousticEmission;201;0.074317759
1;acousticEmission;201;0.064763387
1;acousticEmission;201;0.065130866
1;acousticEmission;201;0.057103128
1;acousticEmission;201;0.082780943
1;acousticEmission;201;0.091517157
1;acousticEmission;201;0.062024453
1;acousticEmission;201;0.060511553
1;acousticEmission;201;0.079949673
1;acousticEmission;201;0.079214712
1;acousticEmission;201;0.063300724
1;acousticEmission;201;0.07639588
1;acousticEmission;201;0.055265374
1;acousticEmission;201;0.058343731
1;acousticEmission;201;0.065468206
1;acousticEmission;201;0.069915545
1;acousticEmission;201;0.059578708
1;acousticEmission;201;0.084416123
1;acousticEmission;201;0.073511147
1;accelerometer;201;0.066026984
1;acousticEmission;201;0.066116925
1;acousticEmission;201;0.082513819
1;acousticEmission;201;0.053589055
1;acousticEmission;201;0.043162774
1;acousticEmission;201;0.078481655
1;acousticEmission;201;0.052473951
1;acousticEmission;201;0.076505746
1;acousticEmission;201;0.067822244
1;acousticEmission;201;0.071393382
1;accelerometer;201;0.072353184
1;acousticEmission;201;0.063664165
1;acousticEmission;201;0.057836193
1;acousticEmission;201;0.055466886
1;acousticEmission;201;0.071364322
1;acousticEmission;201;0.093999901
1;acousticEmission;201;0.066363774
1;acousticEmission;201;0.052491253
1;acousticEmission;201;0.081885639
1;acousticEmission;201;0.064797291
1;acousticEmission;201;0.057269632
1;acousticEmission;201;0.065865711
1;acousticEmission;201;0.060761607
1;acousticEmission;201;0.066695866
1;acousticEmission;201;0.067818402
1;acousticEmission;201;0.072652457
1;acousticEmission;201;0.073629425
1;acousticEmission;201;0.071751166
1;acousticEmission;201;0.062787935
1;acousticEmission;201;0.077123017
1;acousticEmission;201;0.056811614
1;acousticEmission;201;0.067458906
1;acousticEmission;201;0.066251834
1;acousticEmission;201;0.072599452
1;acousticEmission;201;0.064206043
1;acousticEmission;201;0.093970439
1;acousticEmission;201;0.085883783
1;acousticEmission;201;0.056204216
1;acousticEmission;201;0.060219891
1;acousticEmission;201;0.074742331
1;acousticEmission;201;0.06486271
1;acousticEmission;201;0.069330841
1;acousticEmission;201;0.101972295
1;acousticEmission;201;0.095674236
1;acousticEmission;201;0.087112334
1;acousticEmission;201;0.075693694
1;acousticEmission;201;0.067770598
1;acousticEmission;201;0.066752259
1;acousticEmission;201;0.064945101
1;acousticEmission;201;0.06283315
1;acousticEmission;201;0.09238076
1;acousticEmission;201;0.102566249
1;acousticEmission;201;0.057940565
1;acousticEmission;201;0.068741574
1;acousticEmission;201;0.066321485
1;acousticEmission;201;0.070932462
1;acousticEmission;201;0.066706504
1;acousticEmission;201;0.07046965
1;acousticEmission;201;0.069229775
1;acousticEmission;201;0.058442312
1;acousticEmission;201;0.071823438
1;acousticEmission;201;0.076088512
1;acousticEmission;201;0.07356631
1;acousticEmission;201;0.067380582
1;acousticEmission;201;0.102833985
1;acousticEmission;201;0.079112498
1;acousticEmission;201;0.059984947
1;acousticEmission;201;0.053840779
1;acousticEmission;201;0.057779928
1;acousticEmission;201;0.055864804
1;acousticEmission;201;0.072471305
1;acousticEmission;201;0.089824328
1;acousticEmission;201;0.110059363
1;acousticEmission;201;0.07223757
1;acousticEmission;201;0.067085247
1;acousticEmission;201;0.061150183
1;acousticEmission;201;0.063891966
1;acousticEmission;201;0.060447671
1;acousticEmission;201;0.056167298
1;acousticEmission;201;0.06662283
1;acousticEmission;201;0.070937635
1;accelerometer;201;0.103010285
1;acousticEmission;201;0.098299838
1;acousticEmission;201;0.062919474
1;acousticEmission;201;0.089477273
1;acousticEmission;201;0.061804548
1;acousticEmission;201;0.130937594
1;acousticEmission;201;0.133451484
1;acousticEmission;201;0.08521797
1;acousticEmission;201;0.062869322
1;acousticEmission;201;0.068656911
1;acousticEmission;201;0.085924681
1;acousticEmission;201;0.060084548
1;acousticEmission;201;0.067618776
1;acousticEmission;201;0.077955893
1;acousticEmission;201;0.066880208
1;acousticEmission;201;0.066877508
1;acousticEmission;201;0.06423942
1;acousticEmission;201;0.072798061
1;acousticEmission;201;0.075002632
1;acousticEmission;201;0.081118362
1;acousticEmission;201;0.072466034
1;acousticEmission;201;0.088095315
1;acousticEmission;201;0.068786854
1;acousticEmission;201;0.071262203
1;acousticEmission;201;0.063882292
1;acousticEmission;201;0.074128901
1;acousticEmission;201;0.071422738
1;acousticEmission;201;0.067893199
1;acousticEmission;201;0.081343378
1;acousticEmission;201;0.055883687
1;accelerometer;201;0.083178515
1;acousticEmission;201;0.054999846
1;acousticEmission;201;0.065111095
1;acousticEmission;201;0.066393465
1;acousticEmission;201;0.060665916
1;acousticEmission;201;0.089563979
1;acousticEmission;201;5.101751998
1;acousticEmission;201;4.8060021410000004
1;acousticEmission;201;4.826756975
1;acousticEmission;201;4.778421769
1;acousticEmission;201;4.783950044
1;acousticEmission;201;4.797973685
1;acousticEmission;201;4.785859511
1;acousticEmission;201;4.8000152400000005
1;acousticEmission;201;5.082649305
1;acousticEmission;201;4.798451179
1;acousticEmission;201;4.795138946
1;acousticEmission;201;4.695428187
1;acousticEmission;201;4.717917371
1;acousticEmission;201;4.707835397
1;acousticEmission;201;4.603244815
1;acousticEmission;201;4.590673972
1;acousticEmission;201;4.460771795
1;acousticEmission;201;4.413867654
1;acousticEmission;201;9.700322921
1;acousticEmission;201;9.007691987
1;acousticEmission;201;8.988625031
1;acousticEmission;201;8.999130463
1;acousticEmission;201;8.977580421
1;acousticEmission;201;8.915139277
1;acousticEmission;201;8.8274496
1;acousticEmission;201;8.827859146
1;accelerometer;201;8.830843892
1;acousticEmission;201;9.391604402
1;acousticEmission;201;8.832360441
1;acousticEmission;201;8.760813726
1;acousticEmission;201;8.844486786000001
1;acousticEmission;201;8.620690007
1;acousticEmission;201;8.55970003
1;acousticEmission;201;8.62792884
1;acousticEmission;201;8.512238541
1;acousticEmission;201;8.171044393
1;acousticEmission;201;8.316849502
1;acousticEmission;201;8.161944033
1;acousticEmission;201;8.296478444
1;acousticEmission;201;8.495754902
1;acousticEmission;201;8.045089251
1;acousticEmission;201;8.026694249
1;acousticEmission;201;7.874953739
1;acousticEmission;201;7.640937963
1;acousticEmission;201;8.286282257
1;acousticEmission;201;8.335742954
1;acousticEmission;201;7.613647378
1;acousticEmission;201;7.490501034
1;acousticEmission;201;7.582579174
1;acousticEmission;201;7.330082943
1;acousticEmission;201;7.34588047
1;acousticEmission;201;7.738758131
1;acousticEmission;201;8.287013715
1;acousticEmission;201;6.95889259
1;acousticEmission;201;6.966001703
1;acousticEmission;201;6.9252823039999996
1;acousticEmission;201;6.779768635
1;acousticEmission;201;6.771220153
1;acousticEmission;201;6.69802365
1;acousticEmission;201;7.327917737
1;acousticEmission;201;8.436560225000001
1;acousticEmission;201;6.517943602
1;acousticEmission;201;6.491177159
1;acousticEmission;201;6.492301387
1;acousticEmission;201;6.296780694
1;acousticEmission;201;6.120257311
1;acousticEmission;201;6.011218096
1;acousticEmission;201;5.873535372
1;acousticEmission;201;6.750399123
1;accelerometer;201;8.578846338
1;acousticEmission;201;5.780968172
1;acousticEmission;201;5.601870571
1;acousticEmission;201;5.553807745
1;acousticEmission;201;5.456296489
1;acousticEmission;201;5.46090068
1;acousticEmission;201;5.467142946
1;acousticEmission;201;5.302437309
1;acousticEmission;201;5.276368749
1;acousticEmission;201;5.25758489
1;acousticEmission;201;6.072807053
1;acousticEmission;201;8.538338098
1;acousticEmission;201;5.185069823
1;acousticEmission;201;5.168312045
1;acousticEmission;201;5.092963763
1;acousticEmission;201;4.9054460859999995
1;acousticEmission;201;4.627408131
1;acousticEmission;201;4.697385493
1;acousticEmission;201;4.594109348
1;acousticEmission;201;4.477473175
1;acousticEmission;201;4.486833701
1;acousticEmission;201;4.486779728
1;acousticEmission;201;8.718717822
1;acousticEmission;201;4.445458078
1;acousticEmission;201;4.363213693
1;acousticEmission;201;4.379798404
1;accelerometer;201;4.358027184
1;acousticEmission;201;4.274624308
1;accelerometer;201;4.25416132
1;acousticEmission;201;4.187099959
1;acousticEmission;201;4.093264225
1;acousticEmission;201;4.222576743
1;acousticEmission;201;4.038488198
1;acousticEmission;201;4.837454821
1;acousticEmission;201;8.986911949
1;acousticEmission;201;3.382480681
1;acousticEmission;201;2.963221226
1;acousticEmission;201;2.947872767
1;acousticEmission;201;2.936867242
1;accelerometer;201;2.9185677070000002
1;acousticEmission;201;2.718241877
1;acousticEmission;201;2.294657726
1;acousticEmission;201;2.272559548
1;acousticEmission;201;2.123152566
1;acousticEmission;201;1.973276517
1;acousticEmission;201;1.7728488009999999
1;acousticEmission;201;3.811698581
1;acousticEmission;201;9.053552116
1;acousticEmission;201;1.609125795
1;acousticEmission;201;1.485241718
1;acousticEmission;201;1.451196749
1;acousticEmission;201;1.3838815850000001
1;acousticEmission;201;1.395741076
1;acousticEmission;201;1.367711865
1;acousticEmission;201;1.338285401
1;acousticEmission;201;1.076386511
1;acousticEmission;201;0.908646124
1;acousticEmission;201;0.729741069
1;acousticEmission;201;0.569648919
1;acousticEmission;201;0.445375914
1;acousticEmission;201;2.001159959
1;acousticEmission;201;9.169610379
1;acousticEmission;201;0.302107362
1;acousticEmission;201;0.302755591
1;acousticEmission;201;0.137267466
1;acousticEmission;201;0.17404497
1;acousticEmission;201;0.602554006
1;acousticEmission;201;9.010642158
1;acousticEmission;201;0.148185809
1;acousticEmission;201;0.183154976
1;acousticEmission;201;0.119312155
1;acousticEmission;201;9.097322299
1;acousticEmission;201;8.900789951
1;acousticEmission;201;0.077295454
1;acousticEmission;201;0.084578991
1;acousticEmission;201;8.889257605
1;acousticEmission;201;8.755612003
1;acousticEmission;201;8.634421854
1;acousticEmission;201;0.069451636
1;acousticEmission;201;8.456579463
1;acousticEmission;201;8.481365266
1;acousticEmission;201;8.627735264
1;acousticEmission;201;8.320700764
1;acousticEmission;201;0.055340257
1;acousticEmission;201;0.088053136
1;acousticEmission;201;8.355429782
1;acousticEmission;201;8.292455762
1;acousticEmission;201;8.195113343
1;acousticEmission;201;0.079209239
1;acousticEmission;201;8.030865967
1;acousticEmission;201;7.976798364
1;acousticEmission;201;7.821193799
1;acousticEmission;201;0.05575501
1;acousticEmission;201;7.816786073
1;acousticEmission;201;7.727918974
1;acousticEmission;201;7.688265534
1;acousticEmission;201;7.647598016
1;acousticEmission;201;7.54887866
1;acousticEmission;201;7.521451443
1;acousticEmission;201;7.502494082
1;acousticEmission;201;7.372889682
1;acousticEmission;201;7.486070849
1;acousticEmission;201;7.390985491
1;acousticEmission;201;7.3710205030000004
1;acousticEmission;201;0.080988515
1;acousticEmission;201;0.092063667
1;acousticEmission;201;7.306527481
1;acousticEmission;201;0.076983162
1;acousticEmission;201;7.316218254
1;acousticEmission;201;6.881605499
1;acousticEmission;201;6.738668048
1;acousticEmission;201;6.743767896
1;acousticEmission;201;6.739831589
1;acousticEmission;201;0.075948479
1;acousticEmission;201;6.68371912
1;acousticEmission;201;6.522972585
1;acousticEmission;201;6.483048207
1;acousticEmission;201;6.46115468
1;acousticEmission;201;0.065007493
1;acousticEmission;201;6.392130968
1;acousticEmission;201;0.083487898
1;acousticEmission;201;6.416882312
1;acousticEmission;201;6.410674285
1;acousticEmission;201;6.166358037
1;acousticEmission;201;5.910523387
1;acousticEmission;201;0.077062864
1;acousticEmission;201;5.709499249
1;acousticEmission;201;0.066736713
1;acousticEmission;201;0.112099352
1;acousticEmission;201;5.705265874
1;acousticEmission;201;5.679082568
1;acousticEmission;201;5.586703375
1;acousticEmission;201;0.079729477
1;acousticEmission;201;5.552184474
1;acousticEmission;201;0.096218265
1;acousticEmission;201;5.587728284
1;acousticEmission;201;0.075462427
1;acousticEmission;201;5.6121878899999995
1;acousticEmission;201;0.092743964
1;acousticEmission;201;5.329818461
1;acousticEmission;201;0.081925876
1;acousticEmission;201;0.133792914
1;acousticEmission;201;5.388169414
1;acousticEmission;201;0.098740829
1;acousticEmission;201;0.138966151
1;acousticEmission;201;5.267589056
1;acousticEmission;201;5.026875593
1;acousticEmission;201;4.790054366
1;acousticEmission;201;4.77595675
1;acousticEmission;201;4.595035684
1;acousticEmission;201;4.56201659
1;acousticEmission;201;4.382628299
1;acousticEmission;201;4.319926448
1;acousticEmission;201;4.292802818
1;acousticEmission;201;0.101342657
1;acousticEmission;201;4.117835979
1;acousticEmission;201;4.012117196
1;acousticEmission;201;3.851028575
1;acousticEmission;201;0.071454604
1;acousticEmission;201;3.855177637
1;acousticEmission;201;3.597045928
1;acousticEmission;201;0.074306391
1;acousticEmission;201;3.584581775
1;acousticEmission;201;0.059790085
1;acousticEmission;201;0.0933871
1;acousticEmission;201;3.399718413
1;acousticEmission;201;0.105910176
1;acousticEmission;201;0.09849526
1;acousticEmission;201;3.333972894
1;acousticEmission;201;3.295777048
1;acousticEmission;201;3.067439045
1;acousticEmission;201;0.083082993
1;acousticEmission;201;0.09148673
1;acousticEmission;201;0.059581296
1;acousticEmission;201;0.124224566
1;acousticEmission;201;0.068248682
1;acousticEmission;201;0.081970044
1;acousticEmission;201;0.060389616
1;acousticEmission;201;0.061228589
1;acousticEmission;201;0.064453394
1;acousticEmission;201;0.069661186
1;acousticEmission;201;0.060829498
1;acousticEmission;201;0.054241511
1;acousticEmission;201;0.061141844
1;acousticEmission;201;0.073748965
1;acousticEmission;201;0.065819739
1;acousticEmission;201;0.07788375
1;acousticEmission;201;0.063143355
1;acousticEmission;201;0.063555718
1;acousticEmission;201;0.079260819
1;acousticEmission;201;0.057926741
1;acousticEmission;201;0.066726681
1;acousticEmission;201;0.064212214
1;acousticEmission;201;0.07205557
1;acousticEmission;201;0.055428593
1;acousticEmission;201;0.094275666
1;acousticEmission;201;0.058127245
1;acousticEmission;201;0.060135926
1;acousticEmission;201;0.068608417
1;acousticEmission;201;0.069521943
1;acousticEmission;201;0.056825213
1;acousticEmission;201;0.06921347
1;acousticEmission;201;0.084586778
1;acousticEmission;201;0.080768935
1;acousticEmission;201;0.056439987
1;acousticEmission;201;0.0643371
1;acousticEmission;201;0.056098673
1;acousticEmission;201;0.070376499
1;acousticEmission;201;0.08440034
1;acousticEmission;201;0.092974154
1;acousticEmission;201;0.113100962
1;acousticEmission;201;0.103419961
1;acousticEmission;201;0.086463008
1;acousticEmission;201;0.099092533
1;acousticEmission;201;0.130857105
1;acousticEmission;201;0.066623578
1;acousticEmission;201;0.063477871
1;acousticEmission;201;0.072177813
1;accelerometer;201;0.075018942
1;acousticEmission;201;0.070386964
1;acousticEmission;201;0.075319677
1;acousticEmission;201;0.090435989
1;acousticEmission;201;0.08328676
1;acousticEmission;201;0.113168454
1;acousticEmission;201;0.109481117
1;acousticEmission;201;0.090547864
1;acousticEmission;201;0.060848992
1;acousticEmission;201;0.072906236
1;acousticEmission;201;0.067070729
1;acousticEmission;201;0.071745436
1;acousticEmission;201;0.065419419
1;acousticEmission;201;0.075631377
1;acousticEmission;201;0.064673953
1;acousticEmission;201;0.071465037
1;acousticEmission;201;0.138820552
1;acousticEmission;201;0.258627195
1;acousticEmission;201;0.205956045
1;acousticEmission;201;0.361237869
1;acousticEmission;201;0.099305785
1;acousticEmission;201;0.061910054
1;acousticEmission;201;0.065807239
1;acousticEmission;201;0.06859779
1;acousticEmission;201;0.068327908
1;acousticEmission;201;0.066549154
1;acousticEmission;201;0.069836271
1;acousticEmission;201;0.060374873
1;acousticEmission;201;0.060380689
1;acousticEmission;201;0.075760058
1;acousticEmission;201;0.070889769
1;acousticEmission;201;0.062027847
1;acousticEmission;201;0.077016667
1;acousticEmission;201;0.06935182
1;acousticEmission;201;0.076790224
1;acousticEmission;201;0.083101678
1;acousticEmission;201;0.056364438
1;acousticEmission;201;0.054827794
1;acousticEmission;201;0.071272754
1;acousticEmission;201;0.061878677
1;acousticEmission;201;0.06278771
1;acousticEmission;201;0.067993982
1;acousticEmission;201;0.104984248
1;acousticEmission;201;0.190855712
1;acousticEmission;201;0.250410222
1;acousticEmission;201;0.22591427
1;acousticEmission;201;0.213208516
1;acousticEmission;201;0.066886258
1;acousticEmission;201;0.067644155
1;acousticEmission;201;0.073228084
1;acousticEmission;201;0.081159091
1;acousticEmission;201;0.0709987
1;acousticEmission;201;0.074810437
1;acousticEmission;201;0.085401649
1;acousticEmission;201;0.069512479
1;acousticEmission;201;0.050778989
1;acousticEmission;201;0.052405686
1;acousticEmission;201;0.048716295
1;acousticEmission;201;0.050625613
1;acousticEmission;201;0.051469736
1;acousticEmission;201;0.074892182
1;acousticEmission;201;0.069931382
1;acousticEmission;201;0.06627182
1;acousticEmission;201;0.078893925
1;acousticEmission;201;0.079439369
1;acousticEmission;201;0.075051703
1;acousticEmission;201;0.06039891
1;acousticEmission;201;0.076298162
1;acousticEmission;201;0.053967362
1;acousticEmission;201;0.061861001
1;acousticEmission;201;0.069575654
1;acousticEmission;201;0.092052611
1;acousticEmission;201;0.085471025
1;acousticEmission;201;0.075542275
1;acousticEmission;201;0.065828061
1;acousticEmission;201;0.057000219
1;acousticEmission;201;0.067644592
1;acousticEmission;201;0.069702266
1;acousticEmission;201;0.064719972
1;acousticEmission;201;0.062372164
1;acousticEmission;201;0.081316161
1;accelerometer;201;0.171585462
1;acousticEmission;201;0.102579229
1;acousticEmission;201;0.079191788
1;accelerometer;201;0.09826032
1;acousticEmission;201;0.079607273
1;acousticEmission;201;0.083361058
1;acousticEmission;201;0.099594974
1;accelerometer;201;0.11618892
1;acousticEmission;201;0.090908721
1;acousticEmission;201;0.059841932
1;acousticEmission;201;0.070035484
1;acousticEmission;201;0.084856336
1;acousticEmission;201;0.079097921
1;acousticEmission;201;0.08140016
1;acousticEmission;201;0.078265135
1;acousticEmission;201;0.073826383
1;acousticEmission;201;0.120017178
1;accelerometer;201;0.123291803
1;acousticEmission;201;0.056996958
1;acousticEmission;201;0.151834651
1;acousticEmission;201;0.071954551
1;acousticEmission;201;0.059758175
1;acousticEmission;201;0.07672156
1;acousticEmission;201;0.064662342
1;acousticEmission;201;0.052114093
1;acousticEmission;201;0.076937133
1;acousticEmission;201;0.06236614
1;acousticEmission;201;0.058258542
1;acousticEmission;201;0.08841728
1;acousticEmission;201;0.097369353
1;acousticEmission;201;0.092708588
1;acousticEmission;201;0.079449918
1;acousticEmission;201;0.078091414
1;acousticEmission;201;0.076420842
1;accelerometer;201;0.084260885
1;acousticEmission;201;0.057512829
1;acousticEmission;201;0.083571608
1;acousticEmission;201;0.072973301
1;acousticEmission;201;0.085348187
1;acousticEmission;201;0.075218259
1;acousticEmission;201;0.070277003
1;acousticEmission;201;0.063976337
1;acousticEmission;201;0.060572226
1;acousticEmission;201;0.046014238
1;acousticEmission;201;0.074077781
1;acousticEmission;201;0.060367699
1;acousticEmission;201;0.090912408
1;acousticEmission;201;0.083101177
1;acousticEmission;201;0.064002619
1;acousticEmission;201;0.079834593
1;acousticEmission;201;0.056772093
1;acousticEmission;201;0.051932674
1;acousticEmission;201;0.06036012
1;acousticEmission;201;0.047250695
1;acousticEmission;201;0.077507705
1;acousticEmission;201;0.086959825
1;acousticEmission;201;0.061558397
1;acousticEmission;201;0.063243516
1;acousticEmission;201;0.057743768
1;acousticEmission;201;0.055713476
1;acousticEmission;201;0.061551503
1;acousticEmission;201;0.060246297
1;acousticEmission;201;0.05729457
1;acousticEmission;201;0.064631834
1;acousticEmission;201;0.079708012
1;acousticEmission;201;0.068164916
1;acousticEmission;201;0.06333154
1;acousticEmission;201;0.077790812
1;acousticEmission;201;0.065184149
1;acousticEmission;201;0.120800939
1;acousticEmission;201;0.072428947
1;acousticEmission;201;0.069927597
1;acousticEmission;201;0.077550048
1;acousticEmission;201;0.056966811
1;acousticEmission;201;0.051385961
1;acousticEmission;201;0.065723155
1;acousticEmission;201;0.052590366
1;accelerometer;201;0.06488016
1;acousticEmission;201;0.089543121
1;acousticEmission;201;0.078303512
1;acousticEmission;201;0.071820079
1;acousticEmission;201;0.195931214
1;acousticEmission;201;0.061260937
1;acousticEmission;201;0.075633842
1;acousticEmission;201;0.075302286
1;acousticEmission;201;0.088769005
1;acousticEmission;201;0.074513227
1;acousticEmission;201;0.077648097
1;acousticEmission;201;0.097176736
1;acousticEmission;201;0.069214678
1;acousticEmission;201;0.082750655
1;acousticEmission;201;0.067510508
1;acousticEmission;201;0.075165213
1;acousticEmission;201;0.079326089
1;acousticEmission;201;0.070043727
1;acousticEmission;201;0.070981064
1;acousticEmission;201;0.066095045
1;acousticEmission;201;0.074489313
1;accelerometer;201;0.067184087
1;acousticEmission;201;0.069235493
1;acousticEmission;201;0.066462228
1;acousticEmission;201;0.080443542
1;acousticEmission;201;0.080941342
1;acousticEmission;201;0.066702837
1;acousticEmission;201;0.061456207
1;acousticEmission;201;0.055862409
1;acousticEmission;201;0.066258696
1;acousticEmission;201;0.073374547
1;acousticEmission;201;0.072272012
1;acousticEmission;201;0.063281764
1;acousticEmission;201;0.075148588
1;acousticEmission;201;0.081468789
1;acousticEmission;201;0.133436661
1;acousticEmission;201;0.085062388
1;acousticEmission;201;0.054210058
1;acousticEmission;201;0.061936759
1;acousticEmission;201;0.07550635
1;acousticEmission;201;0.065642205
1;acousticEmission;201;0.070167709
1;acousticEmission;201;0.06670664
1;acousticEmission;201;0.073627439
1;acousticEmission;201;0.07989422
1;acousticEmission;201;0.087827614
1;acousticEmission;201;0.058261196
1;acousticEmission;201;0.071803966
1;acousticEmission;201;0.05376193
1;acousticEmission;201;0.05549946
1;acousticEmission;201;0.071355055
1;acousticEmission;201;0.085709119
1;acousticEmission;201;0.114759512
1;acousticEmission;201;0.062614001
1;acousticEmission;201;0.053939703
1;acousticEmission;201;0.053366586
1;acousticEmission;201;0.058795163
1;acousticEmission;201;0.064704564
1;acousticEmission;201;0.076435486
1;acousticEmission;201;0.063539355
1;acousticEmission;201;0.069049382
1;acousticEmission;201;0.084905823
1;acousticEmission;201;0.07003065
1;acousticEmission;201;0.048544301
1;acousticEmission;201;0.067421743
1;acousticEmission;201;0.064587193
1;acousticEmission;201;0.0675447
1;acousticEmission;201;0.06941286
1;acousticEmission;201;0.085945354
1;acousticEmission;201;0.073802782
1;acousticEmission;201;0.077297083
1;acousticEmission;201;0.059167838
1;acousticEmission;201;0.07314744
1;acousticEmission;201;0.071111326
1;acousticEmission;201;0.067434884
1;acousticEmission;201;0.059415258
1;acousticEmission;201;0.071934419
1;acousticEmission;201;0.057454803
1;acousticEmission;201;0.057206651
1;acousticEmission;201;0.071165548
1;acousticEmission;201;0.077890755
1;acousticEmission;201;0.066939192
1;acousticEmission;201;0.070537055
1;acousticEmission;201;0.066382099
1;acousticEmission;201;0.068466433
1;acousticEmission;201;0.067618147
1;acousticEmission;201;0.109953878
1;acousticEmission;201;0.072333897
1;acousticEmission;201;0.068436216
1;acousticEmission;201;0.066455316
1;acousticEmission;201;0.069366954
1;acousticEmission;201;0.056586187
1;acousticEmission;201;0.090912466
1;acousticEmission;201;0.093247572
1;acousticEmission;201;0.073060506
1;acousticEmission;201;0.08196861
1;acousticEmission;201;0.063655326
1;acousticEmission;201;0.065511308
1;acousticEmission;201;0.081435683
1;acousticEmission;201;0.097149634
1;acousticEmission;201;0.056031839
1;acousticEmission;201;0.084540161
1;acousticEmission;201;0.06851167
1;acousticEmission;201;0.068336789
1;acousticEmission;201;0.063164593
1;acousticEmission;201;0.075325557
1;acousticEmission;201;0.063560592
1;acousticEmission;201;0.068702211
1;acousticEmission;201;0.058176126
1;acousticEmission;201;0.063443405
1;acousticEmission;201;0.071122191
1;acousticEmission;201;0.065290445
1;acousticEmission;201;0.081314778
1;acousticEmission;201;0.057770294
1;acousticEmission;201;0.070614222
1;acousticEmission;201;0.058678
1;acousticEmission;201;0.081838321
1;acousticEmission;201;0.063829213
1;acousticEmission;201;0.081164605
1;acousticEmission;201;0.06749031
1;acousticEmission;201;0.0690254
1;acousticEmission;201;0.070396538
1;acousticEmission;201;0.064314507
1;acousticEmission;201;0.059302385
1;acousticEmission;201;0.069348281
1;acousticEmission;201;0.072424742
1;acousticEmission;201;0.065197169
1;acousticEmission;201;0.06379492
1;acousticEmission;201;0.074558623
1;acousticEmission;201;0.066361475
1;acousticEmission;201;0.064470476
1;acousticEmission;201;0.068237017
1;acousticEmission;201;0.05262543
1;acousticEmission;201;0.046844581
1;acousticEmission;201;0.065830976
1;acousticEmission;201;0.065643502
1;acousticEmission;201;0.077985498
1;acousticEmission;201;0.083428055
1;acousticEmission;201;0.06993694
1;acousticEmission;201;0.060508572
1;acousticEmission;201;0.084956399
1;acousticEmission;201;0.072352275
1;acousticEmission;201;0.055657864
1;acousticEmission;201;0.084419635
1;acousticEmission;201;0.067832651
1;acousticEmission;201;0.089716357
1;acousticEmission;201;0.076135499
1;acousticEmission;201;0.068279741
1;acousticEmission;201;0.089525664
1;acousticEmission;201;0.076844674
1;acousticEmission;201;0.057979363
1;acousticEmission;201;0.087181376
1;acousticEmission;201;0.096879787
1;acousticEmission;201;0.056573248
1;acousticEmission;201;0.067492603
1;acousticEmission;201;0.068042649
1;acousticEmission;201;0.064411179
1;acousticEmission;201;0.063155106
1;acousticEmission;201;0.08171628
1;acousticEmission;201;0.083503947
1;acousticEmission;201;0.060506448
1;acousticEmission;201;0.068147632
1;acousticEmission;201;0.112612708
1;acousticEmission;201;0.101222769
1;acousticEmission;201;0.073713564
1;acousticEmission;201;0.068278036
1;acousticEmission;201;0.067629745
1;acousticEmission;201;0.065379969
1;acousticEmission;201;0.06976007
1;acousticEmission;201;0.086772719
1;acousticEmission;201;0.072590694
1;acousticEmission;201;0.081147481
1;acousticEmission;201;0.08105342
1;acousticEmission;201;0.095632865
1;acousticEmission;201;0.060657606
1;acousticEmission;201;0.069774424
1;acousticEmission;201;0.048482888
1;acousticEmission;201;0.062594224
1;acousticEmission;201;0.059639265
1;acousticEmission;201;0.061597044
1;acousticEmission;201;0.060391543
1;acousticEmission;201;0.061766622
1;acousticEmission;201;0.072028142
1;acousticEmission;201;0.069528375
1;acousticEmission;201;0.061063275
1;acousticEmission;201;0.073046747
1;acousticEmission;201;0.058454226
1;acousticEmission;201;0.068571464
1;acousticEmission;201;0.057326507
1;acousticEmission;201;0.076052643
1;acousticEmission;201;0.065429091
1;acousticEmission;201;0.073623461
1;acousticEmission;201;0.067130385
1;acousticEmission;201;0.080834936
1;acousticEmission;201;0.065115372
1;acousticEmission;201;0.075625677
1;acousticEmission;201;0.070079382
1;acousticEmission;201;0.071966642
1;acousticEmission;201;0.079526047
1;acousticEmission;201;0.090286699
1;acousticEmission;201;0.05565856
1;acousticEmission;201;0.058304671
1;acousticEmission;201;0.060128451
1;acousticEmission;201;0.07097006
1;acousticEmission;201;0.048276137
1;acousticEmission;201;0.080285524
1;acousticEmission;201;0.087932607
1;acousticEmission;201;0.086040383
1;acousticEmission;201;0.117417597
1;acousticEmission;201;0.064197778
1;acousticEmission;201;0.059884809
1;acousticEmission;201;0.064194482
1;acousticEmission;201;0.070480072
1;acousticEmission;201;0.066828616
1;acousticEmission;201;0.087268428
1;acousticEmission;201;0.082077873
1;acousticEmission;201;0.057557038
1;acousticEmission;201;0.069648471
1;acousticEmission;201;0.07834905
1;acousticEmission;201;0.064584874
1;acousticEmission;201;0.080196415
1;acousticEmission;201;0.090454717
1;acousticEmission;201;0.090487287
1;acousticEmission;201;0.086621652
1;acousticEmission;201;0.085360739
1;acousticEmission;201;0.064419586
1;acousticEmission;201;0.088877113
1;acousticEmission;201;0.092160048
1;acousticEmission;201;0.06661658
1;acousticEmission;201;0.071445039
1;acousticEmission;201;0.064451489
1;acousticEmission;201;0.079140145
1;acousticEmission;201;0.060742624
1;acousticEmission;201;0.059677052
1;acousticEmission;201;0.06431612
1;acousticEmission;201;0.053248094
1;acousticEmission;201;0.057035145
1;acousticEmission;201;0.049516543
1;accelerometer;201;0.066391129
1;acousticEmission;201;0.074622499
1;acousticEmission;201;0.080282267
1;acousticEmission;201;0.069325773
1;acousticEmission;201;0.065195098
1;accelerometer;201;0.074486778
1;acousticEmission;201;0.065775778
1;acousticEmission;201;0.078196824
1;acousticEmission;201;0.169108125
1;acousticEmission;201;0.173239803
1;acousticEmission;201;0.162873084
1;acousticEmission;201;0.122573851
1;acousticEmission;201;0.057135795
1;acousticEmission;201;0.082904772
1;acousticEmission;201;0.068417452
1;acousticEmission;201;0.060577137
1;acousticEmission;201;0.079222811
1;acousticEmission;201;0.069740928
1;acousticEmission;201;0.077110974
1;acousticEmission;201;0.068558182
1;acousticEmission;201;0.066894013
1;acousticEmission;201;0.060728018
1;acousticEmission;201;0.0933992
1;acousticEmission;201;0.086259676
1;acousticEmission;201;0.058975886
1;acousticEmission;201;0.075490655
1;acousticEmission;201;0.070802454
1;acousticEmission;201;0.060163911
1;acousticEmission;201;0.059396762
1;acousticEmission;201;0.060534842
1;acousticEmission;201;0.072404595
1;acousticEmission;201;0.069520217
1;acousticEmission;201;0.075531234
1;acousticEmission;201;0.081226242
1;acousticEmission;201;0.115107597
1;acousticEmission;201;0.052962889
1;acousticEmission;201;0.053471619
1;acousticEmission;201;0.057279089
1;acousticEmission;201;0.070450343
1;acousticEmission;201;0.068558732
1;acousticEmission;201;0.083674253
1;acousticEmission;201;0.072925623
1;acousticEmission;201;0.076662646
1;acousticEmission;201;0.059526525
1;acousticEmission;201;0.064141997
1;acousticEmission;201;0.064809849
1;acousticEmission;201;0.096602475
1;acousticEmission;201;0.064615501
1;acousticEmission;201;0.108465076
1;acousticEmission;201;0.068419009
1;acousticEmission;201;0.069574425
1;acousticEmission;201;0.06799738
1;acousticEmission;201;0.060495089
1;acousticEmission;201;0.061807612
1;acousticEmission;201;0.060811888
1;acousticEmission;201;0.066398813
1;acousticEmission;201;0.070049448
1;acousticEmission;201;0.060244122
1;acousticEmission;201;0.120321523
1;acousticEmission;201;0.150917762
1;acousticEmission;201;0.15503946
1;acousticEmission;201;0.108445513
1;acousticEmission;201;0.046941513
1;acousticEmission;201;0.064364928
1;acousticEmission;201;0.086055008
1;acousticEmission;201;0.078417724
1;acousticEmission;201;0.063301791
1;acousticEmission;201;0.077279093
1;acousticEmission;201;0.049851558
1;acousticEmission;201;0.076177689
1;acousticEmission;201;0.061608985
1;acousticEmission;201;0.077223574
1;acousticEmission;201;0.067970064
1;acousticEmission;201;0.08367284
1;acousticEmission;201;0.067018974
1;acousticEmission;201;0.07646758
1;acousticEmission;201;0.048459339
1;acousticEmission;201;0.078426541
1;accelerometer;201;0.056254365
1;acousticEmission;201;0.068842802
1;acousticEmission;201;0.076883626
1;acousticEmission;201;0.073950948
1;acousticEmission;201;0.051659159
1;acousticEmission;201;0.081125148
1;acousticEmission;201;0.092816896
1;acousticEmission;201;0.06275935
1;acousticEmission;201;0.054999201
1;acousticEmission;201;0.055967055
1;acousticEmission;201;0.087296983
1;acousticEmission;201;0.072805941
1;accelerometer;201;0.073171308
1;acousticEmission;201;0.075977373
1;acousticEmission;201;0.066635397
1;acousticEmission;201;0.06784828
1;acousticEmission;201;0.081408261
1;acousticEmission;201;0.052308028
1;acousticEmission;201;0.070343219
1;acousticEmission;201;0.060242191
1;acousticEmission;201;0.078807968
1;acousticEmission;201;0.061900816
1;acousticEmission;201;0.070090227
1;acousticEmission;201;0.070959881
1;acousticEmission;201;0.085430709
1;acousticEmission;201;0.057570537
1;acousticEmission;201;0.063722727
1;acousticEmission;201;0.060138045
1;acousticEmission;201;0.065978656
1;acousticEmission;201;0.093891001
1;acousticEmission;201;0.044756993
1;acousticEmission;201;0.057312201
1;acousticEmission;201;0.072727583
1;acousticEmission;201;0.07688409
1;acousticEmission;201;0.070905073
1;acousticEmission;201;0.062025027
1;acousticEmission;201;0.055556011
1;acousticEmission;201;0.095039622
1;acousticEmission;201;0.054020772
1;acousticEmission;201;0.0660766
1;acousticEmission;201;0.065489538
1;acousticEmission;201;0.075192691
1;acousticEmission;201;0.068385129
1;acousticEmission;201;0.054854888
1;acousticEmission;201;0.083865836
1;acousticEmission;201;0.069047968
1;acousticEmission;201;0.054475456
1;acousticEmission;201;0.062743254
1;acousticEmission;201;0.062235093
1;acousticEmission;201;0.063132099
1;acousticEmission;201;0.054464973
1;acousticEmission;201;0.056129498
1;acousticEmission;201;0.066505296
1;acousticEmission;201;0.074906847
1;acousticEmission;201;0.068699789
1;acousticEmission;201;0.081474937
1;acousticEmission;201;0.097579531
1;acousticEmission;201;0.06915847
1;acousticEmission;201;0.064952979
1;acousticEmission;201;0.07403991
1;acousticEmission;201;0.059084668
1;acousticEmission;201;0.063393433
1;acousticEmission;201;0.076421017
1;acousticEmission;201;0.052207558
1;acousticEmission;201;0.067467305
1;acousticEmission;201;0.051534882
1;acousticEmission;201;0.059655239
1;acousticEmission;201;0.067578713
1;acousticEmission;201;0.063843576
1;acousticEmission;201;0.056530276
1;acousticEmission;201;0.061475949
1;acousticEmission;201;0.066894324
1;acousticEmission;201;0.071985209
1;acousticEmission;201;0.068132631
1;acousticEmission;201;0.069256669
1;acousticEmission;201;0.086091984
1;acousticEmission;201;0.085969588
1;acousticEmission;201;0.063884208
1;acousticEmission;201;0.062871873
1;acousticEmission;201;0.091810224
1;acousticEmission;201;0.067903127
1;acousticEmission;201;0.069933939
1;acousticEmission;201;0.085132014
1;acousticEmission;201;0.082589089
1;acousticEmission;201;0.080808998
1;acousticEmission;201;0.06979176
1;acousticEmission;201;0.066796721
1;acousticEmission;201;0.069742135
1;acousticEmission;201;0.064520083
1;acousticEmission;201;0.060738687
1;acousticEmission;201;0.083016843
1;acousticEmission;201;0.10205126
1;acousticEmission;201;0.057955071
1;acousticEmission;201;0.07159194
1;acousticEmission;201;0.067172306
1;acousticEmission;201;0.079645844
1;acousticEmission;201;0.063056449
1;acousticEmission;201;0.056792062
1;acousticEmission;201;0.06101836
1;acousticEmission;201;0.064269457
1;acousticEmission;201;0.076092055
1;acousticEmission;201;0.07933947
1;acousticEmission;201;0.086820048
1;acousticEmission;201;0.075531608
1;acousticEmission;201;0.088026212
1;acousticEmission;201;0.078964604
1;acousticEmission;201;0.059613829
1;acousticEmission;201;0.073751121
1;acousticEmission;201;0.072645142
1;acousticEmission;201;0.050767768
1;acousticEmission;201;0.063398831
1;acousticEmission;201;0.082034774
1;acousticEmission;201;0.098125258
1;acousticEmission;201;0.071130312
1;acousticEmission;201;0.071881567
1;acousticEmission;201;0.074302346
1;acousticEmission;201;0.066590037
1;acousticEmission;201;0.057656404
1;acousticEmission;201;0.051552583
1;acousticEmission;201;0.059828057
1;acousticEmission;201;0.058054481
1;acousticEmission;201;0.065869581
1;acousticEmission;201;0.053142219
1;acousticEmission;201;0.064583433
1;acousticEmission;201;0.08017484
1;acousticEmission;201;0.076470338
1;acousticEmission;201;0.08254217
1;acousticEmission;201;0.060794593
1;acousticEmission;201;0.071091132
1;acousticEmission;201;0.070101482
1;acousticEmission;201;0.086102554
1;accelerometer;201;0.093617019
1;acousticEmission;201;0.069160395
1;acousticEmission;201;0.07045465
1;acousticEmission;201;0.063989765
1;acousticEmission;201;0.092427826
1;acousticEmission;201;0.059247202
1;acousticEmission;201;0.049564282
1;acousticEmission;201;0.072905494
1;acousticEmission;201;0.064409862
1;acousticEmission;201;0.054359975
1;acousticEmission;201;0.063296515
1;acousticEmission;201;0.088121775
1;acousticEmission;201;0.07277506
1;acousticEmission;201;0.058078275
1;acousticEmission;201;5.045960011
1;acousticEmission;201;0.062022134
1;acousticEmission;201;0.076141389
1;accelerometer;201;0.072082417
1;acousticEmission;201;0.085291647
1;acousticEmission;201;0.058016305
1;acousticEmission;201;0.083855581
1;acousticEmission;201;0.064356145
1;acousticEmission;201;0.056462537
1;acousticEmission;201;0.064950105
1;acousticEmission;201;0.066011115
1;acousticEmission;201;0.076566856
1;acousticEmission;201;0.073858324
1;acousticEmission;201;0.111459411
1;acousticEmission;201;0.053034669
1;acousticEmission;201;0.084956706
1;acousticEmission;201;0.166221945
1;acousticEmission;201;0.092457086
1;acousticEmission;201;0.107147494
1;acousticEmission;201;0.124937679
1;acousticEmission;201;0.11582198
1;acousticEmission;201;0.133334129
1;acousticEmission;201;0.062554174
1;acousticEmission;201;0.07906983
1;acousticEmission;201;0.081382131
1;acousticEmission;201;0.065553606
1;acousticEmission;201;0.080861026
1;acousticEmission;201;0.079518749
1;accelerometer;201;0.07450456
1;acousticEmission;201;0.068313709
1;acousticEmission;201;0.070090093
1;acousticEmission;201;0.063550936
1;acousticEmission;201;0.061175319
1;acousticEmission;201;0.058159095
1;acousticEmission;201;0.073649485
1;acousticEmission;201;0.078599653
1;acousticEmission;201;0.069227832
1;acousticEmission;201;0.067862438
1;acousticEmission;201;0.066911813
1;acousticEmission;201;0.074944718
1;acousticEmission;201;0.065013536
1;acousticEmission;201;0.071032345
1;acousticEmission;201;0.070985204
1;acousticEmission;201;0.074223036
1;acousticEmission;201;0.068101552
1;acousticEmission;201;0.053089989
1;acousticEmission;201;0.062991495
1;acousticEmission;201;0.05529324
1;acousticEmission;201;0.057486865
1;acousticEmission;201;0.053598314
1;acousticEmission;201;0.048721243
1;acousticEmission;201;0.051133954
1;acousticEmission;201;0.048908362
1;acousticEmission;201;0.078051458
1;acousticEmission;201;0.072024266
1;acousticEmission;201;0.076212238
1;acousticEmission;201;0.077772574
1;acousticEmission;201;0.092433776
1;acousticEmission;201;0.082093994
1;acousticEmission;201;0.067110182
1;acousticEmission;201;0.061650242
1;acousticEmission;201;0.059913213
1;acousticEmission;201;0.067554882
1;acousticEmission;201;0.057928128
1;acousticEmission;201;0.069612496
1;acousticEmission;201;0.056257468
1;acousticEmission;201;0.087742607
1;acousticEmission;201;0.06336165
1;acousticEmission;201;0.079410681
1;acousticEmission;201;0.051567914
1;acousticEmission;201;0.084512127
1;acousticEmission;201;0.070183417
1;acousticEmission;201;0.05763984
1;acousticEmission;201;0.099847913
1;acousticEmission;201;0.1188054
1;acousticEmission;201;0.060460175
1;acousticEmission;201;0.15290359
1;acousticEmission;201;0.163885999
1;acousticEmission;201;0.052334596
1;acousticEmission;201;0.083335406
1;acousticEmission;201;0.076404579
1;acousticEmission;201;0.066041948
1;acousticEmission;201;0.073267086
1;acousticEmission;201;0.064737602
1;acousticEmission;201;0.06464744
1;acousticEmission;201;0.076450012
1;acousticEmission;201;0.086520687
1;acousticEmission;201;0.064952342
1;acousticEmission;201;0.064137909
1;acousticEmission;201;0.060307431
1;acousticEmission;201;0.063533078
1;acousticEmission;201;0.074061
1;acousticEmission;201;0.064781356
1;acousticEmission;201;0.067805389
1;acousticEmission;201;0.057609183
1;acousticEmission;201;0.064521993
1;acousticEmission;201;0.053765823
1;acousticEmission;201;0.053525911
1;acousticEmission;201;0.054040064
1;acousticEmission;201;0.058174311
1;acousticEmission;201;0.061912078
1;acousticEmission;201;0.072068531
1;acousticEmission;201;0.067929733
1;acousticEmission;201;0.078951095
1;acousticEmission;201;0.058291174
1;acousticEmission;201;0.065328173
1;acousticEmission;201;0.074052803
1;acousticEmission;201;0.059709153
1;acousticEmission;201;0.077728202
1;acousticEmission;201;0.062120422
1;acousticEmission;201;0.065207728
1;acousticEmission;201;0.080149114
1;acousticEmission;201;0.094974803
1;acousticEmission;201;0.063827477
1;acousticEmission;201;0.058940894
1;acousticEmission;201;0.069044208
1;acousticEmission;201;0.048968585
1;acousticEmission;201;0.078313906
1;acousticEmission;201;0.060302115
1;acousticEmission;201;0.087337859
1;acousticEmission;201;0.058660419
1;acousticEmission;201;0.066285486
1;acousticEmission;201;0.081000642
1;acousticEmission;201;0.066684401
1;acousticEmission;201;0.10563166
1;acousticEmission;201;0.078889433
1;acousticEmission;201;0.073021016
1;acousticEmission;201;0.070215465
1;acousticEmission;201;0.06392042
1;acousticEmission;201;0.067592713
1;acousticEmission;201;0.061904729
1;acousticEmission;201;0.070559397
1;acousticEmission;201;0.051405004
1;acousticEmission;201;0.049807743
1;acousticEmission;201;0.060503342
1;acousticEmission;201;0.070819476
1;acousticEmission;201;0.085423112
1;acousticEmission;201;0.08530777
1;acousticEmission;201;0.100677465
1;acousticEmission;201;0.102643871
1;acousticEmission;201;0.170796022
1;acousticEmission;201;0.065700468
1;acousticEmission;201;0.067279653
1;acousticEmission;201;0.060278434
1;acousticEmission;201;0.084574116
1;acousticEmission;201;0.081412996
1;acousticEmission;201;0.08219094
1;acousticEmission;201;0.065752665
1;acousticEmission;201;0.066669855
1;acousticEmission;201;0.074247208
1;acousticEmission;201;0.071497615
1;acousticEmission;201;0.068608628
1;acousticEmission;201;0.086366962
1;acousticEmission;201;0.091319804
1;acousticEmission;201;0.0611641
1;acousticEmission;201;0.057228668
1;acousticEmission;201;0.064257194
1;acousticEmission;201;0.074771385
1;acousticEmission;201;0.070463574
1;acousticEmission;201;0.08611648
1;acousticEmission;201;0.064763381
1;acousticEmission;201;0.072324645
1;acousticEmission;201;0.066513183
1;acousticEmission;201;0.062372419
1;acousticEmission;201;0.057650486
1;acousticEmission;201;0.088038004
1;acousticEmission;201;0.084956835
1;acousticEmission;201;0.072695208
1;acousticEmission;201;0.075739854
1;acousticEmission;201;0.073115335
1;acousticEmission;201;0.077510424
1;acousticEmission;201;0.105099765
1;acousticEmission;201;0.045022138
1;acousticEmission;201;0.056215123
1;acousticEmission;201;0.054913383
1;acousticEmission;201;0.058467926
1;acousticEmission;201;0.080184823
1;acousticEmission;201;0.07328544
1;acousticEmission;201;0.10787197
1;acousticEmission;201;0.077562501
1;acousticEmission;201;0.066354847
1;acousticEmission;201;0.083262947
1;acousticEmission;201;0.084064852
1;acousticEmission;201;0.075916947
1;acousticEmission;201;0.055474466
1;acousticEmission;201;0.085798125
1;acousticEmission;201;0.061896183
1;acousticEmission;201;0.071620148
1;acousticEmission;201;0.062290034
1;acousticEmission;201;0.074291335
1;accelerometer;201;0.066029119
1;acousticEmission;201;0.056167791
1;acousticEmission;201;0.083741932
1;acousticEmission;201;0.062325781
1;accelerometer;201;0.063904737
1;acousticEmission;201;0.055982918
1;acousticEmission;201;0.087509096
1;acousticEmission;201;0.063628839
1;acousticEmission;201;0.069102246
1;acousticEmission;201;0.066932518
1;acousticEmission;201;0.071224307
1;acousticEmission;201;0.072094657
1;acousticEmission;201;0.075764367
1;acousticEmission;201;0.069488925
1;acousticEmission;201;0.068786497
1;acousticEmission;201;0.06523714
1;acousticEmission;201;0.058572418
1;acousticEmission;201;0.055778165
1;acousticEmission;201;0.062950597
1;acousticEmission;201;0.062676405
1;acousticEmission;201;0.055657631
1;acousticEmission;201;0.084681009
1;acousticEmission;201;0.095671021
1;acousticEmission;201;0.069087585
1;acousticEmission;201;0.06807626
1;acousticEmission;201;0.05711454
1;acousticEmission;201;0.063758208
1;acousticEmission;201;0.070954374
1;acousticEmission;201;0.081027786
1;acousticEmission;201;0.066371651
1;acousticEmission;201;0.057683512
1;acousticEmission;201;0.065441001
1;acousticEmission;201;0.067379281
1;accelerometer;201;0.059670666
1;acousticEmission;201;0.07202233
1;acousticEmission;201;0.086735744
1;acousticEmission;201;0.061526024
1;acousticEmission;201;0.074382422
1;acousticEmission;201;0.053764284
1;acousticEmission;201;0.084254887
1;acousticEmission;201;0.066787434
1;acousticEmission;201;0.063704963
1;acousticEmission;201;0.052169604
1;acousticEmission;201;0.060878772
1;acousticEmission;201;0.060411848
1;acousticEmission;201;0.064533038
1;acousticEmission;201;0.077815039
1;acousticEmission;201;0.071231803
1;accelerometer;201;0.072266073
1;acousticEmission;201;0.085781792
1;acousticEmission;201;0.057440009
1;acousticEmission;201;0.066038702
1;acousticEmission;201;0.066693661
1;acousticEmission;201;0.058024218
1;acousticEmission;201;0.05411099
1;acousticEmission;201;0.06839337
1;acousticEmission;201;0.061399555
1;acousticEmission;201;0.055054191
1;acousticEmission;201;0.05889639
1;acousticEmission;201;0.075959262
1;acousticEmission;201;0.089985014
1;acousticEmission;201;0.090608551
1;acousticEmission;201;0.083991768
1;acousticEmission;201;0.067164449
1;acousticEmission;201;0.06672597
1;acousticEmission;201;0.107160816
1;acousticEmission;201;0.076783469
1;acousticEmission;201;0.055641353
1;acousticEmission;201;0.058105728
1;acousticEmission;201;0.067580588
1;acousticEmission;201;0.055460117
1;acousticEmission;201;0.063052134
1;acousticEmission;201;0.067606508
1;acousticEmission;201;0.061358019
1;acousticEmission;201;0.073096912
1;acousticEmission;201;0.065143878
1;acousticEmission;201;0.060296574
1;acousticEmission;201;0.055085117
1;acousticEmission;201;0.067066762
1;acousticEmission;201;0.055178647
1;acousticEmission;201;0.055025583
1;acousticEmission;201;0.081554002
1;acousticEmission;201;0.060500243
1;accelerometer;201;0.09234131
1;accelerometer;201;0.066201322
1;accelerometer;201;0.068002861
1;accelerometer;201;0.112245077
1;accelerometer;201;0.08448131
1;accelerometer;201;0.067078478
1;accelerometer;201;0.090839192
1;accelerometer;201;0.066680336
1;accelerometer;201;0.099122395
1;accelerometer;201;0.078482175
1;accelerometer;201;0.074980571
1;accelerometer;201;0.087913352
1;accelerometer;201;0.0565382
1;accelerometer;201;0.072733971
