1;acousticEmission;201;0.370246633
1;acousticEmission;201;0.484575455
1;acousticEmission;201;0.620220365
1;acousticEmission;201;0.568980129
1;acousticEmission;201;0.770547459
1;acousticEmission;201;0.58397698
1;acousticEmission;201;0.594054298
1;acousticEmission;201;0.801117531
1;acousticEmission;201;0.893874432
1;acousticEmission;201;0.717017229
1;acousticEmission;201;0.582204692
1;acousticEmission;201;0.48959282
1;acousticEmission;201;0.285441148
1;acousticEmission;201;0.34957211
1;acousticEmission;201;0.257991986
1;acousticEmission;201;0.245251975
1;acousticEmission;201;0.145058696
1;acousticEmission;201;0.26015228
1;acousticEmission;201;0.316700531
1;accelerometer;201;0.417320749
1;acousticEmission;201;0.72422107
1;acousticEmission;201;7.509826969
1;acousticEmission;201;7.725816962
1;acousticEmission;201;8.191416243
1;acousticEmission;201;8.174768864
1;acousticEmission;201;8.980923552
1;acousticEmission;201;9.238724681
1;acousticEmission;201;9.817081206
1;accelerometer;201;10.049490782
1;acousticEmission;201;9.828691743
1;acousticEmission;201;10.272685607
1;acousticEmission;201;12.38871672
1;acousticEmission;201;12.195947102
1;acousticEmission;201;12.384692715
1;acousticEmission;201;13.966000490999999
1;acousticEmission;201;14.684991638
1;acousticEmission;201;14.646053501
1;acousticEmission;201;15.220479359
1;acousticEmission;201;14.332075772
1;acousticEmission;201;14.257378421
1;acousticEmission;201;14.282050419
1;acousticEmission;201;14.771050391
1;acousticEmission;201;14.974079736
1;acousticEmission;201;14.441975327
1;acousticEmission;201;14.231492075
1;acousticEmission;201;13.947338983
1;acousticEmission;201;14.405290916
1;acousticEmission;201;14.279922645
1;acousticEmission;201;14.47883178
1;acousticEmission;201;14.194554646
1;acousticEmission;201;15.148802367
1;acousticEmission;201;13.35413734
1;acousticEmission;201;13.298579468
1;acousticEmission;201;13.384398509
1;acousticEmission;201;13.399638783
1;acousticEmission;201;14.010419439
1;acousticEmission;201;14.573571976
1;acousticEmission;201;13.742122096
1;acousticEmission;201;13.403916974
1;acousticEmission;201;13.334295881
1;acousticEmission;201;13.070558301
1;acousticEmission;201;12.40728064
1;acousticEmission;201;13.288021454999999
1;acousticEmission;201;12.201455539
1;acousticEmission;201;13.277021694
1;acousticEmission;201;12.358847841
1;acousticEmission;201;14.932439722
1;acousticEmission;201;12.29863503
1;acousticEmission;201;12.549233663999999
1;acousticEmission;201;11.257243673
1;acousticEmission;201;11.71936589
1;acousticEmission;201;11.991510617
1;acousticEmission;201;12.313286763
1;acousticEmission;201;12.602445491
1;acousticEmission;201;11.376271848
1;acousticEmission;201;12.178797409
1;acousticEmission;201;11.787019516
1;acousticEmission;201;12.554764948999999
1;acousticEmission;201;11.756485186
1;acousticEmission;201;11.834097667
1;acousticEmission;201;11.438478991
1;acousticEmission;201;11.658050647
1;acousticEmission;201;11.232075907
1;acousticEmission;201;13.203370272
1;acousticEmission;201;11.294961689
1;acousticEmission;201;12.175730347
1;acousticEmission;201;13.165200545
1;acousticEmission;201;11.480643725
1;acousticEmission;201;13.189125867
1;acousticEmission;201;13.284836829
1;acousticEmission;201;11.359235587
1;acousticEmission;201;11.206071638
1;acousticEmission;201;11.163701505
1;acousticEmission;201;11.204002526
1;acousticEmission;201;11.206842665
1;acousticEmission;201;11.242698095
1;acousticEmission;201;11.118382203
1;acousticEmission;201;10.968124833
1;acousticEmission;201;10.964977569
1;acousticEmission;201;10.716235858
1;acousticEmission;201;11.064253288
1;acousticEmission;201;10.635833392
1;acousticEmission;201;10.916893583
1;acousticEmission;201;10.809711251
1;acousticEmission;201;10.849991367
1;acousticEmission;201;10.707674880999999
1;acousticEmission;201;10.70974886
1;acousticEmission;201;10.475316439
1;acousticEmission;201;10.592044492
1;acousticEmission;201;10.4810239
1;acousticEmission;201;10.488723736
1;acousticEmission;201;10.5842314
1;acousticEmission;201;10.284573382
1;acousticEmission;201;10.123482459
1;acousticEmission;201;10.337643304
1;acousticEmission;201;10.311530921
1;acousticEmission;201;10.149143003
1;acousticEmission;201;10.253990133
1;acousticEmission;201;10.280027804
1;acousticEmission;201;10.069206392
1;acousticEmission;201;10.015908336
1;acousticEmission;201;10.184077595
1;acousticEmission;201;10.09213382
1;acousticEmission;201;9.714152304
1;acousticEmission;201;10.12201305
1;acousticEmission;201;9.86112315
1;acousticEmission;201;9.915645022
1;acousticEmission;201;9.653424676
1;acousticEmission;201;9.670309022
1;acousticEmission;201;9.638445472
1;acousticEmission;201;9.442646225
1;accelerometer;201;9.726360533
1;acousticEmission;201;9.293585107
1;acousticEmission;201;9.099698039
1;acousticEmission;201;9.544396829
1;acousticEmission;201;9.283296356
1;acousticEmission;201;9.053079072
1;acousticEmission;201;9.033109385
1;acousticEmission;201;8.900429429999999
1;acousticEmission;201;8.820531753000001
1;acousticEmission;201;8.47004952
1;acousticEmission;201;8.266689087
1;acousticEmission;201;8.108606896
1;acousticEmission;201;8.048326433
1;acousticEmission;201;8.004399352
1;acousticEmission;201;7.82324003
1;acousticEmission;201;7.80176579
1;acousticEmission;201;7.72983121
1;acousticEmission;201;7.665414715
1;acousticEmission;201;7.622615893
1;acousticEmission;201;7.350051551
1;acousticEmission;201;7.752910108
1;acousticEmission;201;7.64756171
1;acousticEmission;201;7.452749252
1;acousticEmission;201;7.590826496
1;acousticEmission;201;7.57697311
1;acousticEmission;201;7.802061221
1;acousticEmission;201;7.382733202
1;acousticEmission;201;7.630817713
1;acousticEmission;201;7.612264233
1;acousticEmission;201;7.666659244
1;acousticEmission;201;7.50923528
1;acousticEmission;201;7.618230835
1;acousticEmission;201;7.206094222
1;acousticEmission;201;6.917944407
1;acousticEmission;201;7.025763593
1;acousticEmission;201;6.972183942
1;acousticEmission;201;7.109378653
1;acousticEmission;201;6.529904825
1;acousticEmission;201;6.43499188
1;acousticEmission;201;6.585895444
1;acousticEmission;201;6.02296902
1;acousticEmission;201;6.274344413
1;acousticEmission;201;5.864293098
1;acousticEmission;201;6.479796863
1;acousticEmission;201;6.059194711
1;acousticEmission;201;7.11637329
1;acousticEmission;201;5.854024844
1;acousticEmission;201;6.20695688
1;acousticEmission;201;5.505272078
1;acousticEmission;201;5.817027797
1;acousticEmission;201;5.532360488
1;acousticEmission;201;5.603187359
1;acousticEmission;201;5.458181761
1;acousticEmission;201;5.474326286
1;acousticEmission;201;5.453200462
1;acousticEmission;201;5.237821539
1;acousticEmission;201;4.946288669
1;acousticEmission;201;5.003530526
1;acousticEmission;201;4.939615689
1;acousticEmission;201;4.92924667
1;acousticEmission;201;4.861872441
1;acousticEmission;201;4.789639072
1;acousticEmission;201;3.911601843
1;acousticEmission;201;4.602784522
1;acousticEmission;201;4.359018889
1;accelerometer;201;4.789100437
1;acousticEmission;201;7.022637385
1;accelerometer;201;4.5031701
1;accelerometer;201;4.310367759
1;acousticEmission;201;4.2631657050000005
1;acousticEmission;201;4.712337671
1;acousticEmission;201;4.394610032
1;acousticEmission;201;3.6961187730000002
1;acousticEmission;201;4.185307116
1;acousticEmission;201;4.307536135
1;acousticEmission;201;4.428734746
1;acousticEmission;201;5.067764958
1;acousticEmission;201;4.344379951
1;acousticEmission;201;5.064710525
1;acousticEmission;201;6.162651812
1;acousticEmission;201;5.152177683
1;acousticEmission;201;4.73686348
1;acousticEmission;201;4.697090309
1;acousticEmission;201;4.697066618
1;acousticEmission;201;4.759659169
1;acousticEmission;201;4.499817727
1;acousticEmission;201;4.675000206
1;acousticEmission;201;5.118053524
1;acousticEmission;201;4.913908931
1;acousticEmission;201;3.962131595
1;acousticEmission;201;4.897200974
1;acousticEmission;201;4.975930356
1;acousticEmission;201;4.687106846
1;acousticEmission;201;4.564983939
1;acousticEmission;201;4.595643555
1;acousticEmission;201;4.207063068
1;acousticEmission;201;4.724635752
1;acousticEmission;201;4.146425351
1;acousticEmission;201;4.102595468
1;acousticEmission;201;4.684708694
1;acousticEmission;201;4.077434368
1;accelerometer;201;4.199433082
1;acousticEmission;201;4.4928290109999995
1;acousticEmission;201;4.250279478
1;acousticEmission;201;4.373786198
1;acousticEmission;201;4.358507678
1;acousticEmission;201;4.260577295
1;acousticEmission;201;4.367315984
1;acousticEmission;201;3.893900831
1;acousticEmission;201;3.976392888
1;acousticEmission;201;3.944690529
1;acousticEmission;201;2.923940274
1;acousticEmission;201;3.760567246
1;acousticEmission;201;4.413792919
1;acousticEmission;201;4.067426621
1;acousticEmission;201;3.229506474
1;acousticEmission;201;5.078799382
1;acousticEmission;201;3.826114965
1;acousticEmission;201;5.07338245
1;acousticEmission;201;3.043599385
1;acousticEmission;201;3.354880982
1;acousticEmission;201;3.5055326620000002
1;acousticEmission;201;3.731036069
1;acousticEmission;201;3.431370399
1;acousticEmission;201;2.9349968950000003
1;acousticEmission;201;2.9806379400000003
1;acousticEmission;201;2.931066316
1;accelerometer;201;3.086984625
1;acousticEmission;201;2.7815196220000002
1;acousticEmission;201;3.117988734
1;acousticEmission;201;2.998772771
1;acousticEmission;201;2.374408983
1;acousticEmission;201;1.574633977
1;acousticEmission;201;2.8950849720000003
1;acousticEmission;201;1.642546501
1;acousticEmission;201;2.800167148
1;acousticEmission;201;2.55361998
1;acousticEmission;201;2.931475017
1;acousticEmission;201;1.768540499
1;acousticEmission;201;2.451668883
1;acousticEmission;201;1.10007832
1;acousticEmission;201;1.154291179
1;acousticEmission;201;2.484056261
1;acousticEmission;201;2.658899931
1;acousticEmission;201;1.360459213
1;acousticEmission;201;1.6872247379999998
1;acousticEmission;201;1.014634878
1;acousticEmission;201;0.964655893
1;acousticEmission;201;0.646498339
1;acousticEmission;201;0.97784892
1;acousticEmission;201;1.018013457
1;acousticEmission;201;0.960874667
1;acousticEmission;201;1.224368947
1;acousticEmission;201;0.785192328
1;acousticEmission;201;1.60390809
1;acousticEmission;201;1.170277931
1;acousticEmission;201;0.977819581
1;acousticEmission;201;0.991614093
1;acousticEmission;201;1.004325511
1;acousticEmission;201;0.999873476
1;acousticEmission;201;2.816608736
1;acousticEmission;201;1.212352296
1;acousticEmission;201;1.8600162409999998
1;acousticEmission;201;0.399043642
1;acousticEmission;201;0.70097783
1;acousticEmission;201;0.590023023
1;acousticEmission;201;0.738099001
1;acousticEmission;201;0.845197241
1;acousticEmission;201;1.030562747
1;acousticEmission;201;0.811552339
1;acousticEmission;201;0.942311794
1;acousticEmission;201;0.976495024
1;acousticEmission;201;0.54910936
1;acousticEmission;201;0.46669717
1;acousticEmission;201;1.373875218
1;acousticEmission;201;0.66271535
1;acousticEmission;201;0.724801565
1;acousticEmission;201;0.765246781
1;acousticEmission;201;0.939730012
1;acousticEmission;201;1.040472871
1;acousticEmission;201;0.983306176
1;acousticEmission;201;1.065992195
1;acousticEmission;201;1.01084033
1;acousticEmission;201;1.000143497
1;acousticEmission;201;1.251864092
1;acousticEmission;201;1.128897218
1;acousticEmission;201;1.457003941
1;acousticEmission;201;1.3106881289999999
1;acousticEmission;201;1.184418126
1;acousticEmission;201;1.507005875
1;acousticEmission;201;1.534859583
1;acousticEmission;201;1.1955733610000001
1;acousticEmission;201;1.491426615
1;acousticEmission;201;1.406138343
1;acousticEmission;201;1.3884359929999999
1;acousticEmission;201;1.439580917
1;acousticEmission;201;1.241065684
1;acousticEmission;201;0.960191258
1;acousticEmission;201;0.837690833
1;acousticEmission;201;0.678545889
1;acousticEmission;201;0.504424895
1;acousticEmission;201;0.439469567
1;acousticEmission;201;0.379922844
1;acousticEmission;201;0.687498681
1;acousticEmission;201;0.518717849
1;acousticEmission;201;0.771427588
1;acousticEmission;201;0.800724112
1;acousticEmission;201;0.892767191
1;acousticEmission;201;0.867225061
1;acousticEmission;201;1.275891713
1;acousticEmission;201;1.04396072
1;acousticEmission;201;0.887245701
1;acousticEmission;201;1.133956088
1;acousticEmission;201;1.018248318
1;acousticEmission;201;0.958093165
1;acousticEmission;201;0.758884828
1;acousticEmission;201;0.59417424
1;acousticEmission;201;0.745385058
1;acousticEmission;201;0.889784562
1;acousticEmission;201;0.541434003
1;acousticEmission;201;0.267694461
1;acousticEmission;201;0.20441924
1;acousticEmission;201;0.201997365
1;acousticEmission;201;0.880041854
1;acousticEmission;201;0.964851717
1;acousticEmission;201;0.937923808
1;acousticEmission;201;1.462959792
1;acousticEmission;201;1.130040953
1;acousticEmission;201;1.582027289
1;acousticEmission;201;1.228553604
1;acousticEmission;201;1.205477044
1;acousticEmission;201;1.2839867169999999
1;acousticEmission;201;0.906633257
1;acousticEmission;201;1.524148163
1;acousticEmission;201;0.817276185
1;acousticEmission;201;0.77610004
1;acousticEmission;201;1.683991773
1;acousticEmission;201;0.745625498
1;acousticEmission;201;0.596763192
1;acousticEmission;201;1.00305694
1;acousticEmission;201;1.05179642
1;acousticEmission;201;1.2659139019999999
1;acousticEmission;201;1.130485691
1;acousticEmission;201;1.140819159
1;acousticEmission;201;1.502442117
1;accelerometer;201;1.415981197
1;acousticEmission;201;1.267417017
1;acousticEmission;201;1.442576621
1;acousticEmission;201;1.831218013
1;acousticEmission;201;1.776323218
1;acousticEmission;201;1.930424446
1;acousticEmission;201;2.709527731
1;acousticEmission;201;2.562566285
1;acousticEmission;201;2.473972323
1;acousticEmission;201;2.293307032
1;acousticEmission;201;2.155016526
1;acousticEmission;201;2.215327304
1;acousticEmission;201;2.431032161
1;acousticEmission;201;2.360021575
1;acousticEmission;201;2.758682428
1;acousticEmission;201;2.254337862
1;acousticEmission;201;2.517958663
1;acousticEmission;201;2.386498289
1;acousticEmission;201;2.074645077
1;acousticEmission;201;2.290875916
1;acousticEmission;201;2.236676551
1;acousticEmission;201;2.068551099
1;acousticEmission;201;2.628494248
1;acousticEmission;201;2.891363258
1;acousticEmission;201;2.8700061100000003
1;acousticEmission;201;2.146366172
1;acousticEmission;201;2.987636202
1;acousticEmission;201;2.574309777
1;acousticEmission;201;2.842007019
1;acousticEmission;201;2.660186858
1;acousticEmission;201;2.859173623
1;acousticEmission;201;3.254827381
1;acousticEmission;201;3.042594098
1;acousticEmission;201;2.6822899319999998
1;acousticEmission;201;2.7729811570000003
1;acousticEmission;201;2.519045701
1;acousticEmission;201;2.2126494230000002
1;acousticEmission;201;2.034468793
1;acousticEmission;201;2.189635002
1;acousticEmission;201;1.602080515
1;acousticEmission;201;2.463141036
1;acousticEmission;201;2.101867575
1;acousticEmission;201;2.903471044
1;acousticEmission;201;2.897914716
1;acousticEmission;201;1.13393569
1;acousticEmission;201;1.055639579
1;acousticEmission;201;1.7768701500000001
1;acousticEmission;201;1.544773451
1;acousticEmission;201;1.799401721
1;acousticEmission;201;1.319658436
1;acousticEmission;201;1.450137773
1;acousticEmission;201;2.048207202
1;acousticEmission;201;1.497268673
1;acousticEmission;201;2.259761083
1;acousticEmission;201;1.5152347659999998
1;acousticEmission;201;1.557971388
1;acousticEmission;201;1.752073942
1;acousticEmission;201;1.165478529
1;acousticEmission;201;0.960291024
1;acousticEmission;201;1.587280642
1;acousticEmission;201;1.562733405
1;acousticEmission;201;1.320552253
1;acousticEmission;201;1.840042492
1;acousticEmission;201;1.1928336800000001
1;acousticEmission;201;1.288426931
1;acousticEmission;201;2.103858378
1;acousticEmission;201;1.260784992
1;acousticEmission;201;1.900408066
1;acousticEmission;201;1.5201204609999999
1;acousticEmission;201;1.488644017
1;acousticEmission;201;1.235508216
1;acousticEmission;201;1.640787644
1;acousticEmission;201;1.236766705
1;acousticEmission;201;1.859347627
1;acousticEmission;201;1.446562363
1;acousticEmission;201;1.565221235
1;acousticEmission;201;1.447191165
1;acousticEmission;201;2.219046127
1;acousticEmission;201;1.928182504
1;acousticEmission;201;2.39687058
1;acousticEmission;201;2.088721413
1;acousticEmission;201;1.994491719
1;acousticEmission;201;1.3139875810000001
1;acousticEmission;201;1.920733935
1;acousticEmission;201;1.919511094
1;acousticEmission;201;1.80637614
1;acousticEmission;201;2.04487008
1;acousticEmission;201;1.68259655
1;acousticEmission;201;2.59974348
1;acousticEmission;201;2.118245079
1;acousticEmission;201;2.170114937
1;acousticEmission;201;1.755495828
1;acousticEmission;201;2.158137211
1;acousticEmission;201;2.643571426
1;acousticEmission;201;2.125659339
1;acousticEmission;201;1.696251057
1;acousticEmission;201;1.688542495
1;acousticEmission;201;1.641520752
1;acousticEmission;201;2.106892117
1;acousticEmission;201;2.103188064
1;acousticEmission;201;2.228091206
1;acousticEmission;201;1.988047589
1;acousticEmission;201;1.846068962
1;acousticEmission;201;2.212591464
1;acousticEmission;201;2.096696628
1;accelerometer;201;2.352595925
1;acousticEmission;201;2.156757822
1;acousticEmission;201;2.039449099
1;acousticEmission;201;2.2887
1;acousticEmission;201;2.539037135
1;acousticEmission;201;2.386390555
1;acousticEmission;201;2.365558137
1;acousticEmission;201;2.343356935
1;acousticEmission;201;1.798208803
1;acousticEmission;201;2.247368266
1;acousticEmission;201;2.310949364
1;acousticEmission;201;2.197429276
1;acousticEmission;201;2.67886428
1;acousticEmission;201;2.111047138
1;acousticEmission;201;2.236928769
1;acousticEmission;201;2.249962413
1;acousticEmission;201;2.396819691
1;acousticEmission;201;2.247303959
1;acousticEmission;201;1.9194255120000001
1;acousticEmission;201;2.2771258899999998
1;acousticEmission;201;2.4053269999999998
1;acousticEmission;201;2.688241373
1;acousticEmission;201;2.20798252
1;acousticEmission;201;2.537075766
1;acousticEmission;201;2.392396214
1;acousticEmission;201;2.359021977
1;acousticEmission;201;2.61684243
1;acousticEmission;201;2.940017207
1;acousticEmission;201;2.8207930169999997
1;acousticEmission;201;2.832174492
1;acousticEmission;201;2.085164411
1;acousticEmission;201;2.762854621
1;acousticEmission;201;2.3991685560000002
1;acousticEmission;201;2.412795949
1;acousticEmission;201;2.350744664
1;acousticEmission;201;2.413663081
1;acousticEmission;201;2.269699016
1;acousticEmission;201;2.479146796
1;acousticEmission;201;2.407569689
1;acousticEmission;201;2.226501375
1;acousticEmission;201;2.636943551
1;acousticEmission;201;2.014875945
1;acousticEmission;201;2.50592037
1;acousticEmission;201;2.148246901
1;acousticEmission;201;2.204454124
1;acousticEmission;201;2.490485009
1;acousticEmission;201;2.084666907
1;acousticEmission;201;2.443202332
1;acousticEmission;201;2.331203908
1;acousticEmission;201;2.228694929
1;acousticEmission;201;1.972259663
1;acousticEmission;201;2.5114176280000002
1;acousticEmission;201;2.132872125
1;acousticEmission;201;1.963158414
1;acousticEmission;201;2.2183926290000002
1;acousticEmission;201;2.4193675150000002
1;acousticEmission;201;2.099096167
1;acousticEmission;201;1.805256301
1;acousticEmission;201;2.288748616
1;acousticEmission;201;1.944992475
1;acousticEmission;201;2.257942295
1;acousticEmission;201;2.284521046
1;acousticEmission;201;2.319133558
1;acousticEmission;201;2.254516154
1;acousticEmission;201;2.404416692
1;acousticEmission;201;2.173975256
1;acousticEmission;201;1.509693468
1;acousticEmission;201;2.332890951
1;acousticEmission;201;1.098829055
1;acousticEmission;201;1.274576822
1;acousticEmission;201;1.622947766
1;acousticEmission;201;1.894448858
1;acousticEmission;201;1.2458757679999999
1;acousticEmission;201;1.2044769610000001
1;acousticEmission;201;1.941238665
1;acousticEmission;201;2.137384344
1;acousticEmission;201;1.316591995
1;acousticEmission;201;1.174890992
1;acousticEmission;201;0.980099863
1;acousticEmission;201;1.146477979
1;acousticEmission;201;1.127024066
1;acousticEmission;201;1.5460766860000001
1;acousticEmission;201;1.093630579
1;acousticEmission;201;0.828890085
1;acousticEmission;201;1.54920488
1;acousticEmission;201;1.31058941
1;acousticEmission;201;2.273550595
1;acousticEmission;201;0.854129153
1;acousticEmission;201;1.374449155
1;acousticEmission;201;1.601760554
1;acousticEmission;201;0.97270927
1;acousticEmission;201;0.94501683
1;acousticEmission;201;0.956299688
1;acousticEmission;201;1.732643113
1;acousticEmission;201;1.191979136
1;accelerometer;201;1.6110418869999998
1;acousticEmission;201;1.4076575660000001
1;acousticEmission;201;1.108561273
1;acousticEmission;201;1.304805201
1;acousticEmission;201;1.246126614
1;acousticEmission;201;1.191512049
1;acousticEmission;201;1.274340753
1;acousticEmission;201;1.199718602
1;acousticEmission;201;1.088417365
1;acousticEmission;201;0.65465089
1;acousticEmission;201;1.15069624
1;acousticEmission;201;0.871470217
1;acousticEmission;201;0.60096123
1;acousticEmission;201;0.455258602
1;acousticEmission;201;0.477763056
1;acousticEmission;201;0.436248015
1;acousticEmission;201;0.35890799
1;acousticEmission;201;0.442188049
1;acousticEmission;201;0.229244272
1;acousticEmission;201;0.21276423
1;acousticEmission;201;0.270081417
1;acousticEmission;201;0.27925174
1;acousticEmission;201;0.329902048
1;acousticEmission;201;0.268170913
1;acousticEmission;201;0.436088383
1;acousticEmission;201;0.484540454
1;acousticEmission;201;0.481074121
1;acousticEmission;201;0.340019881
1;acousticEmission;201;0.419917514
1;acousticEmission;201;0.535019979
1;acousticEmission;201;0.705492917
1;acousticEmission;201;0.53799681
1;acousticEmission;201;0.925459945
1;acousticEmission;201;0.911805966
1;acousticEmission;201;0.935938724
1;acousticEmission;201;1.478515733
1;acousticEmission;201;1.548236201
1;acousticEmission;201;0.967484008
1;accelerometer;201;1.316450402
1;acousticEmission;201;1.138277561
1;acousticEmission;201;1.586914895
1;acousticEmission;201;1.169860972
1;acousticEmission;201;1.6733435829999999
1;acousticEmission;201;1.4145646809999999
1;acousticEmission;201;1.301747794
1;acousticEmission;201;0.955319696
1;acousticEmission;201;1.271123904
1;acousticEmission;201;0.826377681
1;acousticEmission;201;0.6258085
1;acousticEmission;201;1.010955326
1;acousticEmission;201;0.880269194
1;acousticEmission;201;0.770120812
1;acousticEmission;201;0.604050466
1;acousticEmission;201;0.685281386
1;acousticEmission;201;0.565626111
1;acousticEmission;201;0.785886047
1;acousticEmission;201;0.842534034
1;acousticEmission;201;0.601799792
1;acousticEmission;201;0.635070645
1;acousticEmission;201;0.762821027
1;acousticEmission;201;0.754550187
1;acousticEmission;201;0.563732923
1;acousticEmission;201;0.405647108
1;acousticEmission;201;0.232892964
1;acousticEmission;201;0.250900466
1;acousticEmission;201;0.289072031
1;acousticEmission;201;0.394086839
1;acousticEmission;201;0.439971618
1;acousticEmission;201;0.535519874
1;acousticEmission;201;0.369487212
1;acousticEmission;201;0.156537223
1;acousticEmission;201;0.265765941
1;acousticEmission;201;0.428014437
1;acousticEmission;201;0.40302112
1;acousticEmission;201;0.43836698
1;acousticEmission;201;0.30939347
1;acousticEmission;201;0.235295118
1;acousticEmission;201;0.184904365
1;acousticEmission;201;0.308514832
1;acousticEmission;201;0.354869563
1;acousticEmission;201;0.182835041
1;acousticEmission;201;0.146096288
1;acousticEmission;201;0.143698897
1;acousticEmission;201;0.19599132
1;acousticEmission;201;0.439053389
1;acousticEmission;201;0.447414834
1;acousticEmission;201;0.532604459
1;acousticEmission;201;0.454687973
1;acousticEmission;201;0.298441034
1;acousticEmission;201;0.595167096
1;acousticEmission;201;0.60792993
1;acousticEmission;201;0.420818452
1;acousticEmission;201;0.44032824
1;acousticEmission;201;0.593238523
1;acousticEmission;201;0.57386969
1;acousticEmission;201;0.602598608
1;acousticEmission;201;0.789645283
1;acousticEmission;201;0.847952032
1;acousticEmission;201;0.708873799
1;acousticEmission;201;0.688647553
1;acousticEmission;201;0.552297493
1;acousticEmission;201;0.689059632
1;acousticEmission;201;0.585085701
1;acousticEmission;201;0.539743407
1;acousticEmission;201;0.331452374
1;acousticEmission;201;0.650275033
1;acousticEmission;201;0.718223044
1;acousticEmission;201;0.457676998
1;acousticEmission;201;0.40146384
1;acousticEmission;201;0.495375782
1;acousticEmission;201;0.412257469
1;acousticEmission;201;0.113989796
1;acousticEmission;201;0.11777953
1;acousticEmission;201;0.297516085
1;acousticEmission;201;0.288943441
1;acousticEmission;201;0.301572187
1;acousticEmission;201;0.486576413
1;acousticEmission;201;0.443587963
1;acousticEmission;201;0.508414283
1;acousticEmission;201;0.552238154
1;acousticEmission;201;0.456809043
1;acousticEmission;201;0.461776121
1;acousticEmission;201;0.435803243
1;acousticEmission;201;0.581794428
1;acousticEmission;201;0.77239963
1;acousticEmission;201;0.507545253
1;acousticEmission;201;0.506527271
1;acousticEmission;201;0.260175626
1;acousticEmission;201;0.493925146
1;acousticEmission;201;0.232254424
1;acousticEmission;201;0.325268042
1;acousticEmission;201;0.239622756
1;acousticEmission;201;0.36372097
1;acousticEmission;201;0.337962762
1;acousticEmission;201;0.364949385
1;acousticEmission;201;0.525072669
1;acousticEmission;201;0.474944715
1;acousticEmission;201;0.495642502
1;acousticEmission;201;0.58484185
1;acousticEmission;201;0.545809393
1;acousticEmission;201;0.387796263
1;acousticEmission;201;0.605684152
1;acousticEmission;201;0.943993194
1;accelerometer;201;1.027981842
1;acousticEmission;201;0.982288492
1;acousticEmission;201;0.875198243
1;acousticEmission;201;0.728899203
1;acousticEmission;201;0.679736209
1;acousticEmission;201;0.744163168
1;acousticEmission;201;0.600240393
1;acousticEmission;201;0.506662704
1;acousticEmission;201;0.563681431
1;acousticEmission;201;0.437882151
1;acousticEmission;201;0.517940401
1;acousticEmission;201;0.440518516
1;acousticEmission;201;0.419484954
1;acousticEmission;201;0.145589891
1;acousticEmission;201;0.206147536
1;acousticEmission;201;0.435748666
1;acousticEmission;201;0.302376912
1;acousticEmission;201;0.397092716
1;acousticEmission;201;0.232613357
1;acousticEmission;201;0.123096144
1;acousticEmission;201;0.179840806
1;acousticEmission;201;0.107699509
1;acousticEmission;201;0.261983659
1;acousticEmission;201;0.373714767
1;acousticEmission;201;0.353793767
1;acousticEmission;201;0.295827982
1;acousticEmission;201;0.219515562
1;acousticEmission;201;0.252842364
1;acousticEmission;201;0.272725424
1;acousticEmission;201;0.299893825
1;acousticEmission;201;0.596960128
1;acousticEmission;201;0.807445889
1;acousticEmission;201;0.828518016
1;acousticEmission;201;0.933359443
1;acousticEmission;201;0.781063099
1;acousticEmission;201;0.781777287
1;acousticEmission;201;0.935826677
1;acousticEmission;201;0.888583354
1;acousticEmission;201;0.620526955
1;acousticEmission;201;0.976013161
1;acousticEmission;201;0.778150654
1;acousticEmission;201;0.279454367
1;acousticEmission;201;0.430659345
1;acousticEmission;201;0.519991511
1;acousticEmission;201;0.505858336
1;acousticEmission;201;0.560992416
1;acousticEmission;201;0.565889121
1;acousticEmission;201;0.310389944
1;acousticEmission;201;0.206512223
1;acousticEmission;201;0.23332635
1;acousticEmission;201;0.313319842
1;acousticEmission;201;0.414265252
1;acousticEmission;201;0.448638948
1;acousticEmission;201;0.493507189
1;acousticEmission;201;0.257652557
1;acousticEmission;201;0.473638229
1;acousticEmission;201;0.476620262
1;acousticEmission;201;0.584318609
1;acousticEmission;201;0.813269505
1;acousticEmission;201;0.792891455
1;acousticEmission;201;0.729746155
1;acousticEmission;201;0.691648192
1;acousticEmission;201;0.623100749
1;acousticEmission;201;0.833992437
1;acousticEmission;201;0.3714196
1;acousticEmission;201;0.289549448
1;acousticEmission;201;0.216126054
1;acousticEmission;201;0.171619591
1;acousticEmission;201;0.157699633
1;acousticEmission;201;0.379817684
1;acousticEmission;201;0.368782936
1;acousticEmission;201;0.59807152
1;acousticEmission;201;0.583227697
1;acousticEmission;201;0.521671701
1;acousticEmission;201;0.715051647
1;acousticEmission;201;0.646201161
1;acousticEmission;201;0.577983415
1;acousticEmission;201;0.615753659
1;acousticEmission;201;0.854104025
1;acousticEmission;201;1.0691594150000001
1;acousticEmission;201;0.659270684
1;acousticEmission;201;1.046042955
1;acousticEmission;201;1.160472733
1;acousticEmission;201;0.839371584
1;acousticEmission;201;0.785866525
1;acousticEmission;201;0.816980905
1;acousticEmission;201;0.685518963
1;acousticEmission;201;0.376561746
1;acousticEmission;201;0.357670313
1;acousticEmission;201;0.602133629
1;acousticEmission;201;0.81158354
1;acousticEmission;201;1.093632901
1;acousticEmission;201;0.980701561
1;acousticEmission;201;1.197893571
1;acousticEmission;201;1.106199366
1;acousticEmission;201;1.212465163
1;acousticEmission;201;1.103156995
1;acousticEmission;201;1.179746221
1;acousticEmission;201;1.77180407
1;acousticEmission;201;1.404930489
1;acousticEmission;201;0.888301771
1;acousticEmission;201;1.363263074
1;acousticEmission;201;0.902819086
1;acousticEmission;201;0.895964276
1;acousticEmission;201;0.904095556
1;acousticEmission;201;0.790633385
1;acousticEmission;201;0.74253753
1;acousticEmission;201;0.637911478
1;acousticEmission;201;0.718571657
1;acousticEmission;201;0.777960923
1;acousticEmission;201;0.642061873
1;acousticEmission;201;0.608087142
1;acousticEmission;201;0.966071018
1;acousticEmission;201;0.980060281
1;acousticEmission;201;0.946058567
1;acousticEmission;201;0.830432454
1;acousticEmission;201;0.720125888
1;acousticEmission;201;0.642979865
1;acousticEmission;201;0.795353641
1;acousticEmission;201;0.655101247
1;acousticEmission;201;0.523502864
1;acousticEmission;201;0.497168384
1;acousticEmission;201;1.236893665
1;acousticEmission;201;0.337548058
1;acousticEmission;201;0.469217138
1;acousticEmission;201;0.460234428
1;acousticEmission;201;0.474662879
1;acousticEmission;201;0.469892034
1;acousticEmission;201;0.484335383
1;acousticEmission;201;1.04414215
1;acousticEmission;201;1.26927303
1;acousticEmission;201;1.246046186
1;acousticEmission;201;1.387654551
1;acousticEmission;201;1.443682999
1;acousticEmission;201;1.45359875
1;acousticEmission;201;1.626668284
1;acousticEmission;201;1.775676304
1;acousticEmission;201;2.198613226
1;acousticEmission;201;1.5898197779999999
1;acousticEmission;201;2.185108479
1;acousticEmission;201;1.58960425
1;acousticEmission;201;1.9714155309999999
1;acousticEmission;201;1.488049781
1;acousticEmission;201;2.174711688
1;acousticEmission;201;2.3291820899999998
1;acousticEmission;201;1.754563045
1;acousticEmission;201;1.508768467
1;acousticEmission;201;2.099973888
1;acousticEmission;201;0.987205653
1;acousticEmission;201;1.676419836
1;acousticEmission;201;1.410395729
1;acousticEmission;201;1.807082592
1;acousticEmission;201;1.6361112100000001
1;acousticEmission;201;0.928083498
1;acousticEmission;201;0.505168796
1;acousticEmission;201;1.678718388
1;acousticEmission;201;0.414419811
1;acousticEmission;201;0.722077653
1;acousticEmission;201;0.623956659
1;acousticEmission;201;0.775200531
1;acousticEmission;201;0.706699601
1;acousticEmission;201;0.687501232
1;acousticEmission;201;0.85412627
1;acousticEmission;201;0.470540814
1;acousticEmission;201;0.329418904
1;acousticEmission;201;0.267739468
1;acousticEmission;201;0.29441376
1;acousticEmission;201;0.184102674
1;acousticEmission;201;0.21672462
1;acousticEmission;201;0.328306019
1;acousticEmission;201;0.329282054
1;acousticEmission;201;0.374863975
1;acousticEmission;201;0.401390918
1;acousticEmission;201;0.296326019
1;acousticEmission;201;0.396913666
1;acousticEmission;201;0.245165844
1;acousticEmission;201;0.229520097
1;acousticEmission;201;0.280969735
1;acousticEmission;201;0.24647115
1;accelerometer;201;0.127049836
1;acousticEmission;201;0.126489905
1;acousticEmission;201;0.166274355
1;acousticEmission;201;0.170353568
1;acousticEmission;201;0.122624893
1;acousticEmission;201;0.169722309
1;acousticEmission;201;0.132568617
1;acousticEmission;201;0.16550565
1;acousticEmission;201;0.140592271
1;acousticEmission;201;0.189038739
1;acousticEmission;201;0.212565399
1;accelerometer;201;0.249165506
1;acousticEmission;201;0.490207536
1;acousticEmission;201;0.585598598
1;acousticEmission;201;0.640769208
1;acousticEmission;201;0.471632162
1;acousticEmission;201;0.532206675
1;acousticEmission;201;0.606783353
1;acousticEmission;201;0.997516273
1;acousticEmission;201;0.950094295
1;acousticEmission;201;0.985654282
1;acousticEmission;201;1.034209646
1;acousticEmission;201;0.948024936
1;acousticEmission;201;0.947695247
1;acousticEmission;201;1.160785837
1;acousticEmission;201;1.003930895
1;acousticEmission;201;1.228656763
1;acousticEmission;201;0.753114322
1;acousticEmission;201;0.899378111
1;acousticEmission;201;0.529586468
1;acousticEmission;201;0.536539878
1;acousticEmission;201;0.449420572
1;acousticEmission;201;0.380370926
1;acousticEmission;201;0.157197217
1;acousticEmission;201;0.156897436
1;acousticEmission;201;0.125218867
1;acousticEmission;201;0.125043716
1;acousticEmission;201;0.209816544
1;acousticEmission;201;0.342354807
1;acousticEmission;201;0.33484201
1;acousticEmission;201;0.426727975
1;acousticEmission;201;0.374030425
1;acousticEmission;201;0.461465084
1;acousticEmission;201;0.450684897
1;acousticEmission;201;0.444888135
1;acousticEmission;201;0.512138973
1;acousticEmission;201;0.434545916
1;acousticEmission;201;0.204249997
1;acousticEmission;201;0.361549418
1;acousticEmission;201;0.350635206
1;acousticEmission;201;0.378904343
1;acousticEmission;201;0.482359097
1;acousticEmission;201;0.510207042
1;acousticEmission;201;0.321492426
1;acousticEmission;201;0.457764571
1;acousticEmission;201;0.492202417
1;acousticEmission;201;0.63798023
1;acousticEmission;201;0.943795765
1;acousticEmission;201;1.042405575
1;acousticEmission;201;1.24630854
1;acousticEmission;201;0.846025894
1;acousticEmission;201;1.126371914
1;acousticEmission;201;1.252425701
1;acousticEmission;201;0.8194042
1;acousticEmission;201;1.055791315
1;acousticEmission;201;1.22678674
1;acousticEmission;201;1.068743387
1;acousticEmission;201;0.670731226
1;acousticEmission;201;1.9514087949999999
1;acousticEmission;201;0.848605636
1;acousticEmission;201;0.718083861
1;acousticEmission;201;0.992638833
1;acousticEmission;201;0.959242833
1;acousticEmission;201;1.033390985
1;acousticEmission;201;0.728426038
1;acousticEmission;201;0.923579579
1;acousticEmission;201;0.986363336
1;acousticEmission;201;0.704170464
1;acousticEmission;201;1.078007908
1;acousticEmission;201;1.209721771
1;acousticEmission;201;1.090741954
1;acousticEmission;201;1.410816229
1;acousticEmission;201;1.028611745
1;acousticEmission;201;0.905376989
1;acousticEmission;201;1.606107552
1;acousticEmission;201;1.87783473
1;acousticEmission;201;1.6020160890000001
1;acousticEmission;201;1.948055103
1;acousticEmission;201;1.697644141
1;acousticEmission;201;1.297544421
1;acousticEmission;201;1.8854722289999999
1;acousticEmission;201;1.2846889830000001
1;acousticEmission;201;2.031581004
1;acousticEmission;201;1.852245898
1;acousticEmission;201;1.3736782
1;acousticEmission;201;1.46006582
1;acousticEmission;201;1.694504332
1;acousticEmission;201;1.225830573
1;acousticEmission;201;1.5375072250000001
1;acousticEmission;201;1.216645864
1;acousticEmission;201;1.295409337
1;acousticEmission;201;1.034004579
1;acousticEmission;201;1.045999178
1;acousticEmission;201;1.239024865
1;acousticEmission;201;0.992887853
1;acousticEmission;201;0.354991462
1;acousticEmission;201;0.154096337
1;acousticEmission;201;0.498011283
1;acousticEmission;201;0.55168903
1;acousticEmission;201;0.630799981
1;acousticEmission;201;0.527034176
1;acousticEmission;201;0.731549701
1;acousticEmission;201;0.334278119
1;acousticEmission;201;0.307341152
1;acousticEmission;201;0.279911138
1;acousticEmission;201;0.238489297
1;acousticEmission;201;0.205112506
1;acousticEmission;201;0.149659585
1;acousticEmission;201;0.280349897
1;acousticEmission;201;0.293723112
1;acousticEmission;201;0.240522575
1;acousticEmission;201;0.142606952
1;acousticEmission;201;0.2029093
1;acousticEmission;201;0.446963834
1;acousticEmission;201;0.46629954
1;acousticEmission;201;0.397561419
1;acousticEmission;201;0.420460353
1;acousticEmission;201;0.22630842
1;acousticEmission;201;0.229946312
1;acousticEmission;201;0.328197729
1;acousticEmission;201;0.5650423
1;acousticEmission;201;0.589476108
1;acousticEmission;201;0.613627055
1;acousticEmission;201;0.57418743
1;acousticEmission;201;0.354540689
1;acousticEmission;201;0.454115918
1;acousticEmission;201;0.435125145
1;acousticEmission;201;0.393971821
1;acousticEmission;201;0.469509536
1;acousticEmission;201;0.232090585
1;acousticEmission;201;0.316232716
1;acousticEmission;201;0.260326159
1;acousticEmission;201;0.146067796
1;acousticEmission;201;0.219361449
1;acousticEmission;201;0.596554901
1;acousticEmission;201;0.607165765
1;acousticEmission;201;1.368245603
1;acousticEmission;201;1.498852749
1;acousticEmission;201;1.9687090280000001
1;acousticEmission;201;2.256090515
1;acousticEmission;201;2.162941135
1;acousticEmission;201;0.903277822
1;acousticEmission;201;2.513146086
1;acousticEmission;201;1.205600217
1;acousticEmission;201;1.2976165179999999
1;acousticEmission;201;2.413677969
1;acousticEmission;201;1.178074529
1;acousticEmission;201;1.6411437119999999
1;acousticEmission;201;1.6675403640000002
1;acousticEmission;201;1.344201242
1;acousticEmission;201;3.506852527
1;acousticEmission;201;1.461545093
1;acousticEmission;201;2.041322321
1;acousticEmission;201;1.920717229
1;acousticEmission;201;2.174473486
1;acousticEmission;201;2.433882351
1;acousticEmission;201;1.88394064
1;acousticEmission;201;2.071947907
1;acousticEmission;201;2.621564627
1;acousticEmission;201;2.2874191
1;acousticEmission;201;3.013874402
1;acousticEmission;201;2.743637057
1;acousticEmission;201;2.354995596
1;acousticEmission;201;2.915697574
1;acousticEmission;201;3.934807176
1;acousticEmission;201;4.881640638
1;acousticEmission;201;4.457352738
1;acousticEmission;201;2.651449736
1;acousticEmission;201;2.519914346
1;acousticEmission;201;1.086101557
1;acousticEmission;201;1.2004283390000001
1;acousticEmission;201;2.743069195
1;acousticEmission;201;1.946309345
1;acousticEmission;201;1.494476884
1;accelerometer;201;1.791882138
1;acousticEmission;201;3.213466339
1;acousticEmission;201;2.386624222
1;acousticEmission;201;0.657278723
1;acousticEmission;201;2.005082744
1;acousticEmission;201;2.495105662
1;acousticEmission;201;1.7662040430000001
1;acousticEmission;201;1.266269422
1;acousticEmission;201;3.174606988
1;acousticEmission;201;3.662579573
1;acousticEmission;201;0.237786978
1;acousticEmission;201;2.025222591
1;acousticEmission;201;2.026956593
1;acousticEmission;201;0.29763027
1;acousticEmission;201;4.113536732
1;acousticEmission;201;2.6251339959999997
1;acousticEmission;201;1.071167193
1;acousticEmission;201;1.469743035
1;acousticEmission;201;2.07743097
1;acousticEmission;201;2.987149493
1;acousticEmission;201;1.864418119
1;acousticEmission;201;2.048454217
1;acousticEmission;201;0.593102746
1;acousticEmission;201;4.022525575
1;acousticEmission;201;1.485570255
1;acousticEmission;201;2.131760432
1;acousticEmission;201;1.4568858709999999
1;acousticEmission;201;4.304511148
1;acousticEmission;201;2.348526837
1;acousticEmission;201;2.054284616
1;acousticEmission;201;2.497475165
1;acousticEmission;201;3.622099261
1;acousticEmission;201;0.999035494
1;acousticEmission;201;1.76582783
1;acousticEmission;201;2.168897647
1;acousticEmission;201;1.866575831
1;acousticEmission;201;3.436437699
1;acousticEmission;201;3.5975661519999997
1;acousticEmission;201;4.75838488
1;acousticEmission;201;3.658971733
1;acousticEmission;201;3.378513896
1;acousticEmission;201;3.929197301
1;acousticEmission;201;3.848143932
1;acousticEmission;201;3.583240971
1;acousticEmission;201;7.958979908
1;acousticEmission;201;2.457994482
1;acousticEmission;201;3.852174433
1;acousticEmission;201;3.09101044
1;acousticEmission;201;3.034912134
1;acousticEmission;201;1.679466173
1;accelerometer;201;5.528136056
1;acousticEmission;201;3.852805954
1;acousticEmission;201;3.604898302
1;acousticEmission;201;4.791809877
1;acousticEmission;201;4.027896464
1;acousticEmission;201;3.622582623
1;acousticEmission;201;4.856857823
1;acousticEmission;201;2.6801337309999997
1;acousticEmission;201;2.579881282
1;acousticEmission;201;3.19815782
1;acousticEmission;201;4.383868364
1;acousticEmission;201;2.7364175729999998
1;acousticEmission;201;2.319935777
1;acousticEmission;201;1.646963624
1;acousticEmission;201;0.688518667
1;acousticEmission;201;4.618447922
1;acousticEmission;201;2.36725807
1;acousticEmission;201;3.647995387
1;acousticEmission;201;2.772202942
1;acousticEmission;201;2.564189591
1;acousticEmission;201;4.350480611
1;acousticEmission;201;0.45766105
1;acousticEmission;201;4.86648765
1;acousticEmission;201;1.32699774
1;acousticEmission;201;3.760571506
1;acousticEmission;201;2.074066875
1;acousticEmission;201;2.541325429
1;acousticEmission;201;3.8679452469999998
1;acousticEmission;201;3.681698666
1;acousticEmission;201;3.184674046
1;acousticEmission;201;0.631157589
1;acousticEmission;201;3.792794764
1;acousticEmission;201;2.783796113
1;acousticEmission;201;1.199381069
1;acousticEmission;201;3.218090383
1;acousticEmission;201;4.068332181
1;acousticEmission;201;0.691238452
1;acousticEmission;201;2.409205648
1;acousticEmission;201;0.691590849
1;acousticEmission;201;2.218003555
1;acousticEmission;201;2.616465793
1;acousticEmission;201;0.668294647
1;acousticEmission;201;1.6409552139999999
1;acousticEmission;201;3.671554741
1;acousticEmission;201;1.623403804
1;acousticEmission;201;1.543655456
1;acousticEmission;201;3.539770058
1;acousticEmission;201;2.465543321
1;acousticEmission;201;1.99136471
1;acousticEmission;201;0.505147713
1;accelerometer;201;2.008444558
1;acousticEmission;201;4.231252555
1;acousticEmission;201;1.5057860920000001
1;acousticEmission;201;1.334308376
1;acousticEmission;201;2.920073286
1;acousticEmission;201;3.129203521
1;acousticEmission;201;2.271455562
1;acousticEmission;201;2.541554278
1;acousticEmission;201;2.883202228
1;acousticEmission;201;0.847874873
1;acousticEmission;201;1.183800183
1;acousticEmission;201;2.026955515
1;acousticEmission;201;3.360030491
1;acousticEmission;201;1.561542862
1;acousticEmission;201;5.062978902
1;acousticEmission;201;3.456570929
1;acousticEmission;201;2.999635898
1;acousticEmission;201;3.246971513
1;acousticEmission;201;1.581246942
1;acousticEmission;201;3.709518598
1;acousticEmission;201;1.452521846
1;acousticEmission;201;3.5084656990000003
1;acousticEmission;201;3.197857937
1;acousticEmission;201;1.465325829
1;accelerometer;201;6.138874586
1;acousticEmission;201;2.756072854
1;acousticEmission;201;3.874007884
1;acousticEmission;201;4.361377067
1;acousticEmission;201;4.604992869
1;acousticEmission;201;5.000188215
1;acousticEmission;201;5.022382239
1;acousticEmission;201;2.485314173
1;acousticEmission;201;5.026840333
1;acousticEmission;201;5.222791393
1;acousticEmission;201;5.671997303
1;acousticEmission;201;5.481531902
1;accelerometer;201;7.002109057
1;acousticEmission;201;4.303772761
1;acousticEmission;201;4.827194477
1;acousticEmission;201;3.819861623
1;acousticEmission;201;4.818305593
1;acousticEmission;201;4.215217071
1;acousticEmission;201;4.982457429
1;acousticEmission;201;3.393378228
1;accelerometer;201;4.497071791
1;acousticEmission;201;3.8463466950000003
1;acousticEmission;201;4.591054201
1;acousticEmission;201;1.065231466
1;acousticEmission;201;3.7825683
1;acousticEmission;201;3.956582229
1;acousticEmission;201;5.650596058
1;acousticEmission;201;2.309254144
1;acousticEmission;201;3.850063083
1;acousticEmission;201;4.39871904
1;acousticEmission;201;5.131548151
1;acousticEmission;201;3.688565188
1;acousticEmission;201;3.402631063
1;acousticEmission;201;4.706417586
1;acousticEmission;201;1.528335213
1;acousticEmission;201;5.53668769
1;acousticEmission;201;1.9103446979999998
1;acousticEmission;201;6.05571026
1;acousticEmission;201;2.9545709909999998
1;acousticEmission;201;3.585206233
1;acousticEmission;201;5.586007311
1;acousticEmission;201;5.20924568
1;acousticEmission;201;3.033823736
1;acousticEmission;201;4.655220142
1;acousticEmission;201;3.875863609
1;acousticEmission;201;3.6489752859999998
1;acousticEmission;201;4.257010201
1;acousticEmission;201;3.547704617
1;acousticEmission;201;1.9095161059999999
1;acousticEmission;201;1.648086056
1;acousticEmission;201;2.785897212
1;acousticEmission;201;2.416832768
1;acousticEmission;201;3.271326893
1;acousticEmission;201;4.369128488
1;acousticEmission;201;3.882440881
1;acousticEmission;201;2.238738032
1;acousticEmission;201;4.857117019
1;acousticEmission;201;2.119942675
1;acousticEmission;201;1.668444217
1;acousticEmission;201;4.389957245
1;acousticEmission;201;2.262606433
1;acousticEmission;201;2.487626941
1;acousticEmission;201;4.9283392
1;acousticEmission;201;3.027333015
1;acousticEmission;201;5.086759009
1;acousticEmission;201;1.9216356
1;acousticEmission;201;1.9719804060000001
1;acousticEmission;201;3.10856094
1;acousticEmission;201;3.121451013
1;acousticEmission;201;1.003611384
1;acousticEmission;201;3.8493540250000002
1;acousticEmission;201;1.343153514
1;acousticEmission;201;2.281504227
1;acousticEmission;201;1.173279048
1;acousticEmission;201;4.421879104
1;acousticEmission;201;3.257734172
1;acousticEmission;201;2.225257956
1;acousticEmission;201;3.046762413
1;acousticEmission;201;3.653116112
1;acousticEmission;201;4.67538647
1;acousticEmission;201;3.992358199
1;acousticEmission;201;4.320024165
1;acousticEmission;201;2.762595973
1;acousticEmission;201;4.468828446
1;acousticEmission;201;3.069047168
1;acousticEmission;201;6.773045409
1;acousticEmission;201;4.626018525
1;acousticEmission;201;8.926850809
1;acousticEmission;201;3.817753933
1;acousticEmission;201;5.024084584
1;acousticEmission;201;37.504455453
1;acousticEmission;201;4.702058027
1;acousticEmission;201;3.021245893
1;acousticEmission;201;5.574387076
1;acousticEmission;201;5.653769423
1;acousticEmission;201;4.810293812
1;acousticEmission;201;6.485482812
1;acousticEmission;201;5.100222703
1;acousticEmission;201;4.96173197
1;acousticEmission;201;4.986464295
1;acousticEmission;201;4.889548312
1;acousticEmission;201;4.354861424
1;acousticEmission;201;3.149389609
1;acousticEmission;201;6.319038217
1;acousticEmission;201;5.620419258
1;acousticEmission;201;3.589767014
1;acousticEmission;201;4.946952269
1;acousticEmission;201;4.126312313
1;acousticEmission;201;4.764494817
1;acousticEmission;201;4.376563244
1;acousticEmission;201;5.230305623
1;acousticEmission;201;4.242059577
1;acousticEmission;201;3.191730446
1;acousticEmission;201;5.062355279
1;acousticEmission;201;5.586204707
1;acousticEmission;201;3.591089979
1;acousticEmission;201;4.117637914
1;acousticEmission;201;3.907018175
1;acousticEmission;201;5.02193426
1;acousticEmission;201;5.883227563
1;acousticEmission;201;2.490573232
1;acousticEmission;201;6.101947681
1;acousticEmission;201;5.625106926
1;acousticEmission;201;2.8367028960000003
1;acousticEmission;201;3.6579479150000003
1;accelerometer;201;6.237117459
1;acousticEmission;201;6.980153639
1;acousticEmission;201;3.350074997
1;acousticEmission;201;4.415068629
1;acousticEmission;201;7.187612288
1;acousticEmission;201;4.25361941
1;acousticEmission;201;3.314692582
1;acousticEmission;201;4.041566426
1;acousticEmission;201;6.697856544
1;acousticEmission;201;3.98613512
1;acousticEmission;201;2.657954174
1;acousticEmission;201;1.415641263
1;acousticEmission;201;3.030550724
1;acousticEmission;201;3.2194586960000002
1;acousticEmission;201;3.716739704
1;acousticEmission;201;5.180849069
1;acousticEmission;201;4.200959262
1;acousticEmission;201;5.292159703
1;acousticEmission;201;4.229478503
1;acousticEmission;201;3.802196499
1;acousticEmission;201;4.386301883
1;acousticEmission;201;4.393265661
1;acousticEmission;201;3.06002886
1;acousticEmission;201;2.429559217
1;acousticEmission;201;4.447394197
1;acousticEmission;201;5.550819807
1;acousticEmission;201;4.087250383
1;acousticEmission;201;4.125370504
1;acousticEmission;201;2.050992744
1;acousticEmission;201;6.8211698179999996
1;acousticEmission;201;3.9168414030000003
1;acousticEmission;201;3.5677808559999997
1;acousticEmission;201;4.688230346
1;acousticEmission;201;2.600972495
1;acousticEmission;201;2.033873401
1;acousticEmission;201;3.510905477
1;acousticEmission;201;3.827192254
1;acousticEmission;201;4.746495144
1;acousticEmission;201;2.349468018
1;acousticEmission;201;3.753835089
1;acousticEmission;201;4.416626694
1;acousticEmission;201;3.081129704
1;acousticEmission;201;3.108685948
1;acousticEmission;201;3.416836688
1;acousticEmission;201;3.391991683
1;acousticEmission;201;3.54252542
1;acousticEmission;201;2.188991523
1;acousticEmission;201;2.431372039
1;acousticEmission;201;2.933083853
1;acousticEmission;201;1.07010599
1;acousticEmission;201;3.63092873
1;acousticEmission;201;5.046497292
1;acousticEmission;201;3.9057403
1;acousticEmission;201;5.510596137
1;acousticEmission;201;2.001191318
1;acousticEmission;201;5.279861686
1;acousticEmission;201;4.745741836
1;acousticEmission;201;2.996276995
1;acousticEmission;201;4.038368056
1;acousticEmission;201;3.327461653
1;acousticEmission;201;3.106336003
1;acousticEmission;201;1.9821810260000001
1;acousticEmission;201;7.887533756
1;acousticEmission;201;4.003334106
1;acousticEmission;201;3.656605312
1;acousticEmission;201;3.604967491
1;acousticEmission;201;5.17480647
1;acousticEmission;201;3.359842603
1;acousticEmission;201;5.76280523
1;acousticEmission;201;2.734948213
1;acousticEmission;201;4.651107374
1;acousticEmission;201;4.546519496
1;acousticEmission;201;3.33878242
1;acousticEmission;201;2.999215105
1;acousticEmission;201;3.9648430919999997
1;accelerometer;201;4.189363211
1;acousticEmission;201;4.3287374530000005
1;acousticEmission;201;2.2619011540000002
1;acousticEmission;201;4.382145055
1;acousticEmission;201;3.779181648
1;acousticEmission;201;3.323517519
1;acousticEmission;201;3.772312698
1;acousticEmission;201;2.379564598
1;acousticEmission;201;3.501381287
1;accelerometer;201;5.598091226
1;acousticEmission;201;2.462918577
1;acousticEmission;201;5.21235809
1;acousticEmission;201;5.804270363
1;acousticEmission;201;2.181531692
1;acousticEmission;201;3.641110329
1;acousticEmission;201;4.617638372
1;acousticEmission;201;2.901978024
1;acousticEmission;201;2.4040653020000002
1;acousticEmission;201;2.238659796
1;acousticEmission;201;4.081441581
1;acousticEmission;201;4.262872394
1;acousticEmission;201;6.361909242
1;acousticEmission;201;6.127325728
1;acousticEmission;201;6.130055127
1;acousticEmission;201;3.132595416
1;acousticEmission;201;5.324193595
1;acousticEmission;201;5.529196795
1;acousticEmission;201;1.770862965
1;acousticEmission;201;3.612387515
1;acousticEmission;201;2.9928632950000003
1;acousticEmission;201;1.499778903
1;acousticEmission;201;1.888685201
1;acousticEmission;201;1.897609579
1;acousticEmission;201;4.623528883
1;acousticEmission;201;3.268511213
1;acousticEmission;201;2.58822104
1;acousticEmission;201;3.158955756
1;acousticEmission;201;3.290475136
1;acousticEmission;201;3.171667549
1;acousticEmission;201;2.4718681
1;acousticEmission;201;3.799602626
1;acousticEmission;201;3.381736197
1;acousticEmission;201;3.845339518
1;acousticEmission;201;5.648928954
1;acousticEmission;201;2.846771452
1;acousticEmission;201;3.199609942
1;acousticEmission;201;4.768561331
1;acousticEmission;201;4.554340518
1;acousticEmission;201;2.086672569
1;acousticEmission;201;4.155489093
1;acousticEmission;201;4.041376156
1;acousticEmission;201;4.192507814
1;acousticEmission;201;5.011433343
1;acousticEmission;201;5.619556155
1;acousticEmission;201;3.712194763
1;acousticEmission;201;3.167929399
1;acousticEmission;201;3.831985934
1;acousticEmission;201;2.7100791109999998
1;acousticEmission;201;2.107918359
1;acousticEmission;201;5.532880556
1;acousticEmission;201;1.9257786700000001
1;acousticEmission;201;1.595961067
1;acousticEmission;201;2.806588826
1;acousticEmission;201;3.169180482
1;acousticEmission;201;3.255860924
1;acousticEmission;201;2.017044415
1;acousticEmission;201;3.2099124
1;acousticEmission;201;2.405596383
1;acousticEmission;201;2.97601456
1;acousticEmission;201;3.114648051
1;acousticEmission;201;1.819017706
1;acousticEmission;201;3.972369719
1;acousticEmission;201;2.232227793
1;acousticEmission;201;2.831151202
1;accelerometer;201;4.361420043
1;acousticEmission;201;5.944274827
1;acousticEmission;201;1.6777307970000002
1;acousticEmission;201;1.827068272
1;acousticEmission;201;5.222963358
1;acousticEmission;201;4.816532613
1;acousticEmission;201;5.4310472149999995
1;acousticEmission;201;4.8936038029999995
1;acousticEmission;201;4.765116055
1;acousticEmission;201;5.919801705
1;acousticEmission;201;5.167386925
1;acousticEmission;201;4.610717252
1;acousticEmission;201;5.007235705
1;acousticEmission;201;6.889005165
1;acousticEmission;201;3.276008688
1;acousticEmission;201;6.157160861
1;acousticEmission;201;3.248168582
1;acousticEmission;201;5.452453147
1;acousticEmission;201;4.348424499
1;acousticEmission;201;5.113235507
1;acousticEmission;201;6.9265945890000005
1;acousticEmission;201;3.945070395
1;acousticEmission;201;5.446928514
1;acousticEmission;201;6.870137329
1;accelerometer;201;2.594059306
1;acousticEmission;201;5.194512758
1;acousticEmission;201;5.449396838
1;acousticEmission;201;4.652968858
1;acousticEmission;201;5.120019536
1;acousticEmission;201;2.719953331
1;acousticEmission;201;1.795497491
1;acousticEmission;201;1.457261404
1;acousticEmission;201;5.019741348
1;acousticEmission;201;3.222697636
1;acousticEmission;201;4.148299694
1;acousticEmission;201;2.362842623
1;acousticEmission;201;4.846428681
1;accelerometer;201;6.734026628
1;acousticEmission;201;3.780199744
1;acousticEmission;201;2.124688204
1;acousticEmission;201;3.6355525330000003
1;acousticEmission;201;3.6547294040000002
1;acousticEmission;201;7.474603222
1;acousticEmission;201;3.012548175
1;acousticEmission;201;1.528963403
1;acousticEmission;201;4.912319554
1;acousticEmission;201;2.604344156
1;acousticEmission;201;1.822815704
1;acousticEmission;201;3.529698043
1;acousticEmission;201;4.57822419
1;acousticEmission;201;5.009266784
1;acousticEmission;201;7.074738495
1;acousticEmission;201;4.523014003
1;acousticEmission;201;5.029089551
1;acousticEmission;201;4.719400682
1;acousticEmission;201;2.49619481
1;acousticEmission;201;4.886753517
1;acousticEmission;201;4.245531614
1;acousticEmission;201;4.941556138
1;acousticEmission;201;3.78028551
1;acousticEmission;201;1.961884996
1;acousticEmission;201;4.469587757
1;acousticEmission;201;1.4315254689999999
1;acousticEmission;201;5.029880472
1;acousticEmission;201;1.765523397
1;acousticEmission;201;1.745979374
1;acousticEmission;201;4.452028612
1;accelerometer;201;3.795816726
1;acousticEmission;201;0.751671337
1;acousticEmission;201;3.028133028
1;acousticEmission;201;3.485092116
1;acousticEmission;201;3.8906982450000003
1;acousticEmission;201;2.525643131
1;acousticEmission;201;3.020253507
1;acousticEmission;201;4.12056297
1;acousticEmission;201;5.117163263
1;acousticEmission;201;3.428023255
1;acousticEmission;201;0.76245838
1;acousticEmission;201;3.309668593
1;acousticEmission;201;2.5661133
1;acousticEmission;201;1.6829035879999998
1;acousticEmission;201;4.824394031
1;acousticEmission;201;2.315886754
1;acousticEmission;201;2.322103113
1;acousticEmission;201;2.192814145
1;acousticEmission;201;0.546708829
1;acousticEmission;201;1.4083402839999999
1;acousticEmission;201;1.377872051
1;acousticEmission;201;1.60966766
1;acousticEmission;201;1.61486916
1;acousticEmission;201;0.207753267
1;acousticEmission;201;0.881396129
1;acousticEmission;201;1.338166153
1;acousticEmission;201;0.946438203
1;acousticEmission;201;0.477838177
1;acousticEmission;201;0.723218478
1;acousticEmission;201;0.544710289
1;acousticEmission;201;1.06201598
1;acousticEmission;201;0.551696353
1;acousticEmission;201;0.637367285
1;acousticEmission;201;2.370122951
1;acousticEmission;201;1.432928112
1;acousticEmission;201;0.933328852
1;acousticEmission;201;0.758310329
1;acousticEmission;201;0.637179739
1;acousticEmission;201;1.9891179810000001
1;acousticEmission;201;1.943481848
1;acousticEmission;201;1.506304734
1;acousticEmission;201;1.2401793620000001
1;acousticEmission;201;3.519536413
1;acousticEmission;201;2.8165748969999997
1;acousticEmission;201;1.7946487869999999
1;acousticEmission;201;2.785950647
1;acousticEmission;201;0.698864048
1;acousticEmission;201;2.741440363
1;acousticEmission;201;1.9949560960000001
1;acousticEmission;201;3.104493996
1;acousticEmission;201;4.241346941
1;acousticEmission;201;2.888380705
1;acousticEmission;201;2.808616844
1;acousticEmission;201;2.294199282
1;acousticEmission;201;3.404519472
1;accelerometer;201;2.839574506
1;acousticEmission;201;5.306243323
1;acousticEmission;201;1.457682941
1;acousticEmission;201;2.842387886
1;acousticEmission;201;2.119101231
1;acousticEmission;201;2.247704701
1;acousticEmission;201;2.08446382
1;acousticEmission;201;1.748193202
1;acousticEmission;201;4.35801859
1;acousticEmission;201;2.958970237
1;acousticEmission;201;2.911199822
1;acousticEmission;201;2.970364422
1;acousticEmission;201;2.041898488
1;acousticEmission;201;5.781987153
1;acousticEmission;201;2.962364098
1;acousticEmission;201;1.608831857
1;acousticEmission;201;2.443924153
1;acousticEmission;201;1.969632833
1;acousticEmission;201;1.196049677
1;acousticEmission;201;0.866658344
1;acousticEmission;201;1.205887776
1;acousticEmission;201;3.282969835
1;acousticEmission;201;3.276758555
1;acousticEmission;201;2.621063364
1;acousticEmission;201;3.316226725
1;acousticEmission;201;0.874040043
1;acousticEmission;201;1.372279102
1;acousticEmission;201;3.660436114
1;acousticEmission;201;3.65776178
1;acousticEmission;201;2.592074402
1;acousticEmission;201;2.885775037
1;acousticEmission;201;1.926819109
1;acousticEmission;201;3.365395515
1;acousticEmission;201;1.905876296
1;acousticEmission;201;1.751683774
1;acousticEmission;201;4.479028314
1;acousticEmission;201;2.376205795
1;acousticEmission;201;3.223186061
1;acousticEmission;201;2.194627453
1;accelerometer;201;3.322839924
1;acousticEmission;201;4.419473385
1;acousticEmission;201;4.867516049
1;acousticEmission;201;4.7243735000000004
1;acousticEmission;201;4.800703726
1;acousticEmission;201;4.065016517
1;acousticEmission;201;3.926075343
1;acousticEmission;201;3.114452619
1;acousticEmission;201;3.914956198
1;acousticEmission;201;4.288475772
1;acousticEmission;201;5.720264238
1;acousticEmission;201;4.411739002
1;acousticEmission;201;3.583192128
1;acousticEmission;201;4.691892165
1;acousticEmission;201;3.250601193
1;acousticEmission;201;3.274359071
1;acousticEmission;201;6.480883333
1;acousticEmission;201;3.415171939
1;acousticEmission;201;4.105536584
1;acousticEmission;201;5.925266592
1;acousticEmission;201;6.776968504
1;acousticEmission;201;5.407536595
1;acousticEmission;201;6.362682815
1;acousticEmission;201;2.917867852
1;acousticEmission;201;5.750478758
1;acousticEmission;201;2.219015981
1;acousticEmission;201;5.103533966
1;acousticEmission;201;4.741763102
1;acousticEmission;201;4.684518244
1;acousticEmission;201;2.994381611
1;acousticEmission;201;8.756450312
1;acousticEmission;201;6.226956719
1;acousticEmission;201;5.062347527
1;acousticEmission;201;7.259405178
1;acousticEmission;201;7.338755579
1;acousticEmission;201;5.8688363
1;acousticEmission;201;3.123002934
1;acousticEmission;201;4.00685725
1;acousticEmission;201;4.149646462
1;acousticEmission;201;4.349958207
1;acousticEmission;201;5.8816128370000005
1;acousticEmission;201;5.144767483
1;acousticEmission;201;7.753161941
1;acousticEmission;201;2.295005381
1;acousticEmission;201;4.246872694
1;acousticEmission;201;4.75771238
1;acousticEmission;201;4.822683889
1;acousticEmission;201;7.804233661
1;acousticEmission;201;6.602202466
1;acousticEmission;201;4.773910918
1;acousticEmission;201;7.138785256
1;acousticEmission;201;7.371187585
1;acousticEmission;201;4.43407274
1;acousticEmission;201;6.400979254
1;acousticEmission;201;7.003691717
1;acousticEmission;201;6.376160102
1;acousticEmission;201;6.4573042
1;acousticEmission;201;5.79895495
1;acousticEmission;201;6.264335973
1;acousticEmission;201;5.555177343
1;acousticEmission;201;6.063681045
1;acousticEmission;201;6.146523177
1;acousticEmission;201;8.010757188
1;acousticEmission;201;8.282268949
1;acousticEmission;201;5.800053636
1;acousticEmission;201;6.213474415
1;acousticEmission;201;9.496801311
1;acousticEmission;201;5.123324343
1;acousticEmission;201;5.791686227
1;acousticEmission;201;6.992326384
1;acousticEmission;201;5.003057364
1;acousticEmission;201;7.293230427
1;acousticEmission;201;7.249171421
1;acousticEmission;201;8.152150884
1;acousticEmission;201;11.701360298
1;acousticEmission;201;5.006680385
1;acousticEmission;201;6.898558328
1;acousticEmission;201;8.430671512
1;acousticEmission;201;8.015956362
1;acousticEmission;201;8.473014188
1;acousticEmission;201;7.066369209
1;acousticEmission;201;13.11860423
1;acousticEmission;201;7.001821403
1;acousticEmission;201;5.417316385
1;acousticEmission;201;7.050777662
1;acousticEmission;201;7.973852947
1;acousticEmission;201;9.069099341
1;acousticEmission;201;6.855910195
1;acousticEmission;201;9.466599529
1;acousticEmission;201;7.951712512
1;acousticEmission;201;7.659527188
1;acousticEmission;201;6.898588618
1;acousticEmission;201;11.065686638
1;acousticEmission;201;9.231464487
1;acousticEmission;201;7.502273607
1;acousticEmission;201;8.331594207
1;acousticEmission;201;11.070945037
1;acousticEmission;201;7.235608733
1;acousticEmission;201;9.789226522
1;acousticEmission;201;9.027051328
1;acousticEmission;201;8.420174738
1;acousticEmission;201;7.9620746239999995
1;acousticEmission;201;10.767618174
1;acousticEmission;201;6.712157051
1;acousticEmission;201;8.526031901
1;acousticEmission;201;10.925195579
1;acousticEmission;201;10.33907722
1;acousticEmission;201;7.245789062
1;acousticEmission;201;10.501019887
1;acousticEmission;201;7.865182329
1;acousticEmission;201;7.813624985
1;acousticEmission;201;7.9276645949999995
1;acousticEmission;201;7.995501363
1;acousticEmission;201;8.47043348
1;acousticEmission;201;6.332797624
1;acousticEmission;201;8.188445035
1;acousticEmission;201;12.674518853
1;acousticEmission;201;9.184789419
1;acousticEmission;201;12.665366512
1;acousticEmission;201;8.317570022
1;acousticEmission;201;10.86517084
1;accelerometer;201;10.524762252
1;acousticEmission;201;7.625588133
1;acousticEmission;201;9.39727835
1;acousticEmission;201;8.435169452
1;acousticEmission;201;11.329208358
1;acousticEmission;201;6.940794239
1;acousticEmission;201;7.768272484
1;acousticEmission;201;10.727816184
1;acousticEmission;201;9.953785683
1;acousticEmission;201;10.955579766
1;acousticEmission;201;9.761024095
1;acousticEmission;201;7.001533221
1;acousticEmission;201;12.788148907
1;acousticEmission;201;7.413523782
1;acousticEmission;201;5.685519323
1;acousticEmission;201;10.92663916
1;acousticEmission;201;4.943262451
1;acousticEmission;201;9.269814518
1;acousticEmission;201;6.271180904
1;acousticEmission;201;10.307313972
1;acousticEmission;201;13.679710511
1;acousticEmission;201;8.667207195
1;acousticEmission;201;7.453328133
1;acousticEmission;201;5.938760787
1;acousticEmission;201;10.142016915
1;acousticEmission;201;11.100301107
1;acousticEmission;201;12.99981618
1;acousticEmission;201;5.405132275
1;acousticEmission;201;6.9162632219999995
1;acousticEmission;201;5.986868996
1;acousticEmission;201;8.410827929
1;acousticEmission;201;13.938822279
1;acousticEmission;201;14.293768286
1;acousticEmission;201;11.301592055
1;acousticEmission;201;7.874872488
1;acousticEmission;201;7.626577763
1;acousticEmission;201;9.573588857
1;acousticEmission;201;5.184369473
1;acousticEmission;201;4.788019931
1;acousticEmission;201;6.600102342
1;acousticEmission;201;5.981486798
1;accelerometer;201;6.453550513
1;acousticEmission;201;12.610476797
1;acousticEmission;201;10.932679095
1;acousticEmission;201;7.910497329
1;acousticEmission;201;9.02826069
1;acousticEmission;201;5.648532126
1;acousticEmission;201;14.208086854
1;acousticEmission;201;4.7697547369999995
1;acousticEmission;201;4.685413331
1;acousticEmission;201;4.708006001
1;acousticEmission;201;8.520058892
1;acousticEmission;201;12.400454811
1;acousticEmission;201;6.268978825
1;acousticEmission;201;9.907526256
1;acousticEmission;201;7.378467736
1;acousticEmission;201;5.904944599
1;acousticEmission;201;6.080839992
1;acousticEmission;201;12.06580244
1;acousticEmission;201;7.914909513
1;acousticEmission;201;15.074049743
1;acousticEmission;201;5.450448094
1;acousticEmission;201;10.573411082
1;acousticEmission;201;5.140818851
1;acousticEmission;201;4.849090702
1;acousticEmission;201;6.556082407
1;acousticEmission;201;8.563846838
1;acousticEmission;201;6.205383597
1;acousticEmission;201;7.296404196
1;acousticEmission;201;5.628109568
1;acousticEmission;201;5.469931139
1;acousticEmission;201;5.500158561
1;acousticEmission;201;5.614175188
1;acousticEmission;201;5.794273118
1;acousticEmission;201;9.213993253
1;acousticEmission;201;6.054581253
1;acousticEmission;201;6.503578148
1;accelerometer;201;5.417813446
1;acousticEmission;201;5.36635104
1;acousticEmission;201;6.276661787
1;acousticEmission;201;6.879464277
1;acousticEmission;201;6.180335901
1;acousticEmission;201;5.586708483
1;acousticEmission;201;5.480738193
1;acousticEmission;201;6.903684276
1;acousticEmission;201;5.984029954
1;accelerometer;201;5.53713149
1;acousticEmission;201;4.982217659
1;acousticEmission;201;5.942790522
1;acousticEmission;201;5.52018333
1;acousticEmission;201;6.09060794
1;acousticEmission;201;6.729116061
1;acousticEmission;201;5.39636721
1;acousticEmission;201;5.249560336
1;acousticEmission;201;5.838643769
1;acousticEmission;201;5.847454684
1;acousticEmission;201;5.897611176
1;acousticEmission;201;5.620380173
1;acousticEmission;201;5.652190607
1;acousticEmission;201;6.172211665
1;acousticEmission;201;6.103003565
1;acousticEmission;201;6.706613958
1;acousticEmission;201;6.337916894
1;acousticEmission;201;7.2559597270000005
1;acousticEmission;201;6.42269653
1;acousticEmission;201;6.693602111
1;acousticEmission;201;7.336213693
1;acousticEmission;201;7.328576621
1;acousticEmission;201;6.830247275
1;acousticEmission;201;6.570273018
1;acousticEmission;201;6.667775129
1;acousticEmission;201;6.155678874
1;acousticEmission;201;6.381123056
1;acousticEmission;201;6.097426105
1;acousticEmission;201;6.189494078
1;acousticEmission;201;8.051942466
1;acousticEmission;201;6.049956063
1;acousticEmission;201;6.854569938
1;acousticEmission;201;7.2719785009999995
1;acousticEmission;201;5.652541072
1;acousticEmission;201;6.266143733
1;acousticEmission;201;8.94577315
1;acousticEmission;201;6.195118932
1;acousticEmission;201;6.6800389540000005
1;acousticEmission;201;6.755924646
1;acousticEmission;201;6.093324937
1;acousticEmission;201;6.7611021529999995
1;acousticEmission;201;8.565412851
1;acousticEmission;201;8.600284474
1;acousticEmission;201;9.799289014
1;acousticEmission;201;6.069537904
1;acousticEmission;201;6.771581601
1;acousticEmission;201;8.406084057
1;acousticEmission;201;6.296721281
1;acousticEmission;201;6.116610894
1;acousticEmission;201;5.752066107
1;acousticEmission;201;6.003251371
1;acousticEmission;201;6.457798836
1;acousticEmission;201;5.66248507
1;acousticEmission;201;6.608266895
1;acousticEmission;201;6.380078913
1;acousticEmission;201;6.392681628
1;acousticEmission;201;6.219942895
1;acousticEmission;201;5.809094204
1;acousticEmission;201;7.19296876
1;acousticEmission;201;5.5878521150000005
1;acousticEmission;201;5.609513115
1;acousticEmission;201;5.249084216
1;acousticEmission;201;5.640232012
1;acousticEmission;201;5.126265159
1;acousticEmission;201;6.203766642
1;acousticEmission;201;5.918329285
1;acousticEmission;201;6.644130722
1;acousticEmission;201;5.247985601
1;acousticEmission;201;4.155339467
1;acousticEmission;201;4.170329597
1;acousticEmission;201;4.112862556
1;acousticEmission;201;4.096532706
1;acousticEmission;201;8.507558568
1;acousticEmission;201;4.128742944
1;acousticEmission;201;5.945431514
1;acousticEmission;201;4.40444571
1;acousticEmission;201;7.049467277
1;acousticEmission;201;6.137092209
1;acousticEmission;201;5.040964281
1;acousticEmission;201;5.985081355
1;acousticEmission;201;4.7581978750000005
1;acousticEmission;201;4.879153567
1;acousticEmission;201;4.67059255
1;acousticEmission;201;3.80315741
1;acousticEmission;201;6.861502788
1;acousticEmission;201;4.552481108
1;acousticEmission;201;3.9601686860000003
1;acousticEmission;201;5.153246951
1;acousticEmission;201;3.45623808
1;acousticEmission;201;4.293879178
1;acousticEmission;201;3.6227567499999997
1;acousticEmission;201;4.283267925
1;acousticEmission;201;4.105916518
1;acousticEmission;201;3.7817994820000003
1;acousticEmission;201;3.80730426
1;acousticEmission;201;3.773219701
1;acousticEmission;201;4.479443939
1;acousticEmission;201;5.906529305
1;acousticEmission;201;5.523891969
1;acousticEmission;201;5.982259087
1;acousticEmission;201;3.931007483
1;acousticEmission;201;3.965623366
1;acousticEmission;201;4.066154684
1;acousticEmission;201;3.927529441
1;acousticEmission;201;4.110029298
1;acousticEmission;201;3.638701583
1;acousticEmission;201;3.224324489
1;acousticEmission;201;3.740766598
1;acousticEmission;201;3.7920802179999997
1;acousticEmission;201;3.238477392
1;acousticEmission;201;3.543455584
1;acousticEmission;201;6.702027396
1;acousticEmission;201;6.543158707
1;acousticEmission;201;3.276249288
1;acousticEmission;201;3.366824034
1;acousticEmission;201;3.5873060690000003
1;acousticEmission;201;3.134307902
1;acousticEmission;201;6.386977499
1;acousticEmission;201;3.395544793
1;acousticEmission;201;3.531897916
1;acousticEmission;201;3.384238002
1;acousticEmission;201;3.523779161
1;acousticEmission;201;2.7379627810000002
1;acousticEmission;201;2.061630503
1;acousticEmission;201;3.062046916
1;acousticEmission;201;3.028056298
1;acousticEmission;201;3.297533089
1;acousticEmission;201;4.863545034
1;acousticEmission;201;3.6535240509999998
1;acousticEmission;201;3.834848192
1;acousticEmission;201;3.889883457
1;acousticEmission;201;3.8735192659999997
1;acousticEmission;201;3.928797081
1;acousticEmission;201;3.695684992
1;acousticEmission;201;3.717501304
1;acousticEmission;201;4.385502537
1;acousticEmission;201;4.225787089
1;acousticEmission;201;4.718505421
1;acousticEmission;201;4.669542576
1;acousticEmission;201;4.188879933
1;acousticEmission;201;4.471310088
1;acousticEmission;201;5.56791954
1;acousticEmission;201;4.908636245
1;acousticEmission;201;3.951005012
1;acousticEmission;201;5.093327277
1;acousticEmission;201;4.963398446
1;acousticEmission;201;5.077542961
1;acousticEmission;201;4.448072732
1;acousticEmission;201;4.427745974
1;acousticEmission;201;4.584695545
1;acousticEmission;201;4.886284932
1;acousticEmission;201;4.269791023
1;acousticEmission;201;3.598505977
1;acousticEmission;201;4.33180104
1;acousticEmission;201;4.491986251
1;acousticEmission;201;4.298494829
1;acousticEmission;201;3.731545674
1;acousticEmission;201;3.775593846
1;acousticEmission;201;4.62982101
1;acousticEmission;201;4.551878717
1;acousticEmission;201;3.961002045
1;acousticEmission;201;3.664517082
1;acousticEmission;201;3.592674856
1;accelerometer;201;3.89954221
1;acousticEmission;201;3.768819805
1;acousticEmission;201;3.713995143
1;acousticEmission;201;3.654102844
1;acousticEmission;201;3.492891384
1;acousticEmission;201;3.5544161990000003
1;acousticEmission;201;2.574519037
1;acousticEmission;201;3.768200635
1;acousticEmission;201;3.567545966
1;acousticEmission;201;2.3823416760000002
1;acousticEmission;201;3.397935706
1;acousticEmission;201;2.910774741
1;acousticEmission;201;3.290706679
1;acousticEmission;201;2.9182787489999997
1;acousticEmission;201;3.259072908
1;acousticEmission;201;2.861311965
1;acousticEmission;201;2.41568157
1;acousticEmission;201;2.843082515
1;acousticEmission;201;2.301518787
1;acousticEmission;201;2.814029392
1;acousticEmission;201;2.94225307
1;acousticEmission;201;2.723326804
1;acousticEmission;201;2.546120845
1;acousticEmission;201;3.052763767
1;acousticEmission;201;3.278752346
1;acousticEmission;201;3.705496673
1;acousticEmission;201;3.608264177
1;acousticEmission;201;3.636832412
1;acousticEmission;201;3.639398808
1;acousticEmission;201;3.537249273
1;acousticEmission;201;4.428993552
1;acousticEmission;201;4.78095478
1;acousticEmission;201;4.702070095
1;acousticEmission;201;4.993613702
1;acousticEmission;201;4.9003926490000005
1;acousticEmission;201;4.8234509899999995
1;acousticEmission;201;4.791938556
1;accelerometer;201;4.852941704
1;acousticEmission;201;5.202645066
1;acousticEmission;201;4.883311499
1;acousticEmission;201;5.6679323440000005
1;acousticEmission;201;5.442785228
1;acousticEmission;201;5.555103409
1;acousticEmission;201;4.412566927
1;acousticEmission;201;5.243288383
1;acousticEmission;201;5.610991735
1;accelerometer;201;5.8186047389999995
1;acousticEmission;201;5.677360806
1;acousticEmission;201;5.125796573
1;acousticEmission;201;4.416140134
1;acousticEmission;201;5.91312581
1;acousticEmission;201;5.645261657
1;acousticEmission;201;5.519686213
1;acousticEmission;201;4.805216259
1;acousticEmission;201;3.9295071630000002
1;acousticEmission;201;5.999442356
1;acousticEmission;201;4.637346496
1;acousticEmission;201;3.9847643980000003
1;acousticEmission;201;3.8617882420000003
1;acousticEmission;201;5.063829565
1;acousticEmission;201;4.985082967
1;acousticEmission;201;5.234251711
1;acousticEmission;201;5.284762033
1;acousticEmission;201;4.8835698789999995
1;acousticEmission;201;4.250676988
1;acousticEmission;201;4.273178723
1;acousticEmission;201;4.4106814100000005
1;acousticEmission;201;3.681753868
1;acousticEmission;201;3.832156118
1;acousticEmission;201;3.593811639
1;acousticEmission;201;4.557331672
1;acousticEmission;201;3.680918233
1;acousticEmission;201;2.693575462
1;acousticEmission;201;3.751710353
1;acousticEmission;201;3.792072793
1;acousticEmission;201;3.238412438
1;acousticEmission;201;3.416345031
1;acousticEmission;201;3.378899494
1;acousticEmission;201;3.568389922
1;acousticEmission;201;2.097336766
1;acousticEmission;201;1.939390594
1;acousticEmission;201;2.617623071
1;accelerometer;201;3.133098557
1;acousticEmission;201;3.3934585520000002
1;acousticEmission;201;2.219658882
1;acousticEmission;201;3.048537666
1;acousticEmission;201;3.242449744
1;acousticEmission;201;2.789815575
1;acousticEmission;201;2.971594404
1;acousticEmission;201;1.402423495
1;acousticEmission;201;1.594852545
1;acousticEmission;201;2.7026725320000002
1;acousticEmission;201;2.528778036
1;acousticEmission;201;2.055863971
1;acousticEmission;201;2.8063471570000003
1;acousticEmission;201;1.367329571
1;acousticEmission;201;1.390496879
1;acousticEmission;201;2.292550817
1;acousticEmission;201;1.293586423
1;acousticEmission;201;1.273680908
1;acousticEmission;201;1.231115793
1;acousticEmission;201;1.74859782
1;acousticEmission;201;1.00256748
1;acousticEmission;201;1.317347388
1;acousticEmission;201;1.086877354
1;acousticEmission;201;1.104277066
1;acousticEmission;201;0.825644669
1;acousticEmission;201;1.5347184440000001
1;acousticEmission;201;1.203754256
1;acousticEmission;201;0.748462272
1;acousticEmission;201;0.795808562
1;acousticEmission;201;1.090474743
1;acousticEmission;201;0.787234972
1;acousticEmission;201;0.342670718
1;acousticEmission;201;0.672128923
1;acousticEmission;201;0.785836904
1;acousticEmission;201;0.855107557
1;acousticEmission;201;1.00160331
1;acousticEmission;201;1.249504835
1;acousticEmission;201;1.141261868
1;acousticEmission;201;0.958427415
1;acousticEmission;201;1.3741011969999999
1;acousticEmission;201;1.234476049
1;acousticEmission;201;0.940194324
1;acousticEmission;201;0.948934593
1;acousticEmission;201;0.804679111
1;acousticEmission;201;1.042886655
1;acousticEmission;201;1.10147224
1;acousticEmission;201;0.841042187
1;acousticEmission;201;1.179392174
1;acousticEmission;201;1.197856594
1;acousticEmission;201;0.797083187
1;acousticEmission;201;1.121705013
1;acousticEmission;201;1.208087382
1;acousticEmission;201;1.52378682
1;acousticEmission;201;1.2479427300000001
1;acousticEmission;201;1.451096022
1;acousticEmission;201;1.232479206
1;acousticEmission;201;1.286945295
1;acousticEmission;201;1.470275641
1;acousticEmission;201;1.45549567
1;acousticEmission;201;1.165525047
1;acousticEmission;201;1.753932069
1;acousticEmission;201;1.778675564
1;acousticEmission;201;2.152188806
1;acousticEmission;201;2.024965751
1;acousticEmission;201;1.970460543
1;acousticEmission;201;1.584406194
1;acousticEmission;201;1.738605621
1;acousticEmission;201;1.666060721
1;acousticEmission;201;1.473992516
1;acousticEmission;201;1.775568177
1;acousticEmission;201;1.479951151
1;acousticEmission;201;1.464511386
1;acousticEmission;201;1.3725309270000001
1;acousticEmission;201;1.3476686070000001
1;acousticEmission;201;1.5863228139999999
1;acousticEmission;201;1.542249463
1;acousticEmission;201;1.166638763
1;acousticEmission;201;1.632669098
1;acousticEmission;201;1.163414119
1;acousticEmission;201;1.534094831
1;acousticEmission;201;1.589137224
1;acousticEmission;201;1.108687178
1;acousticEmission;201;0.99824497
1;acousticEmission;201;1.707863629
1;acousticEmission;201;1.606547646
1;acousticEmission;201;1.42470666
1;acousticEmission;201;1.219802007
1;acousticEmission;201;1.055749761
1;acousticEmission;201;0.886028368
1;acousticEmission;201;0.69528557
1;acousticEmission;201;0.800696367
1;acousticEmission;201;1.000354756
1;acousticEmission;201;0.887610941
1;acousticEmission;201;1.033741005
1;acousticEmission;201;1.018375463
1;acousticEmission;201;1.269952967
1;acousticEmission;201;0.870365047
1;acousticEmission;201;0.86510204
1;acousticEmission;201;1.194526632
1;acousticEmission;201;1.223060486
1;acousticEmission;201;1.273070865
1;acousticEmission;201;1.299627085
1;acousticEmission;201;0.994660493
1;accelerometer;201;1.030516929
1;acousticEmission;201;0.682106656
1;acousticEmission;201;0.843793208
1;acousticEmission;201;1.038785308
1;acousticEmission;201;0.80438993
1;acousticEmission;201;0.798607475
1;acousticEmission;201;0.935718406
1;acousticEmission;201;1.295574349
1;acousticEmission;201;1.398108686
1;acousticEmission;201;1.418524121
1;acousticEmission;201;1.394081802
1;acousticEmission;201;1.51587316
1;acousticEmission;201;1.5531132909999998
1;acousticEmission;201;1.629948696
1;acousticEmission;201;1.22227149
1;acousticEmission;201;1.507044054
1;acousticEmission;201;1.423961192
1;acousticEmission;201;1.201892055
1;acousticEmission;201;1.2732044120000001
1;acousticEmission;201;1.025315527
1;acousticEmission;201;1.209599728
1;acousticEmission;201;1.023627689
1;acousticEmission;201;0.685778012
1;acousticEmission;201;0.899560507
1;acousticEmission;201;0.905711082
1;acousticEmission;201;1.156496822
1;acousticEmission;201;1.504997943
1;acousticEmission;201;1.451016075
1;acousticEmission;201;1.162926015
1;acousticEmission;201;1.358449838
1;acousticEmission;201;1.3761087189999999
1;acousticEmission;201;1.307998029
1;acousticEmission;201;1.310502356
1;acousticEmission;201;1.292550008
1;acousticEmission;201;1.671111884
1;acousticEmission;201;1.7063939129999999
1;acousticEmission;201;1.07882555
1;acousticEmission;201;1.454862736
1;acousticEmission;201;1.486787554
1;acousticEmission;201;0.966277393
1;acousticEmission;201;1.171280007
1;acousticEmission;201;1.358030142
1;acousticEmission;201;1.682931242
1;acousticEmission;201;1.650756865
1;acousticEmission;201;1.4973579909999999
1;acousticEmission;201;1.189110261
1;acousticEmission;201;0.951152538
1;acousticEmission;201;1.063566223
1;acousticEmission;201;0.737141977
1;acousticEmission;201;0.928884023
1;acousticEmission;201;1.181547023
1;acousticEmission;201;0.893875444
1;acousticEmission;201;0.712478158
1;acousticEmission;201;0.463321938
1;acousticEmission;201;0.212197179
1;acousticEmission;201;0.606296865
1;acousticEmission;201;0.722645318
1;acousticEmission;201;0.658322971
1;acousticEmission;201;1.060861169
1;acousticEmission;201;0.691152255
1;acousticEmission;201;0.758568062
1;acousticEmission;201;0.919692581
1;acousticEmission;201;0.564808899
1;acousticEmission;201;0.700067283
1;acousticEmission;201;0.75886635
1;acousticEmission;201;0.729950596
1;acousticEmission;201;0.5521435
1;acousticEmission;201;0.817728223
1;acousticEmission;201;0.990675095
1;acousticEmission;201;1.226343245
1;acousticEmission;201;0.988918583
1;acousticEmission;201;1.119654931
1;acousticEmission;201;1.254427551
1;acousticEmission;201;1.263350228
1;acousticEmission;201;0.870300716
1;acousticEmission;201;1.257125833
1;acousticEmission;201;0.98340969
1;acousticEmission;201;1.069265459
1;acousticEmission;201;0.780016586
1;acousticEmission;201;0.618801169
1;acousticEmission;201;0.571588795
1;acousticEmission;201;0.501988067
1;acousticEmission;201;0.622152475
1;acousticEmission;201;0.458216439
1;acousticEmission;201;0.521876508
1;acousticEmission;201;0.60819521
1;acousticEmission;201;0.464069645
1;acousticEmission;201;0.45996031
1;acousticEmission;201;0.506447317
1;acousticEmission;201;0.620956379
1;acousticEmission;201;0.667308502
1;acousticEmission;201;0.577052271
1;acousticEmission;201;0.745648572
1;acousticEmission;201;0.564310319
1;acousticEmission;201;0.586215019
1;acousticEmission;201;0.807684168
1;acousticEmission;201;1.026042966
1;acousticEmission;201;0.764815664
1;acousticEmission;201;0.872212197
1;acousticEmission;201;0.972675737
1;acousticEmission;201;1.081308225
1;acousticEmission;201;1.109263301
1;acousticEmission;201;1.128242958
1;acousticEmission;201;0.870054345
1;acousticEmission;201;0.640884952
1;acousticEmission;201;1.239719613
1;acousticEmission;201;0.874073694
1;acousticEmission;201;1.008300973
1;acousticEmission;201;0.806306173
1;acousticEmission;201;0.59692094
1;acousticEmission;201;0.323983318
1;acousticEmission;201;0.565881998
1;acousticEmission;201;0.178743902
1;acousticEmission;201;0.548453106
1;acousticEmission;201;0.586708877
1;acousticEmission;201;0.5162316
1;acousticEmission;201;0.683822658
1;acousticEmission;201;0.767964494
1;acousticEmission;201;0.714707567
1;acousticEmission;201;0.86350709
1;acousticEmission;201;0.854611558
1;acousticEmission;201;0.750117837
1;acousticEmission;201;1.066802548
1;acousticEmission;201;0.647215273
1;acousticEmission;201;0.827966014
1;acousticEmission;201;0.754769544
1;acousticEmission;201;0.970536114
1;acousticEmission;201;1.161101608
1;acousticEmission;201;1.039692158
1;acousticEmission;201;1.03416391
1;acousticEmission;201;1.601707738
1;acousticEmission;201;1.175811565
1;acousticEmission;201;1.006854518
1;acousticEmission;201;1.446133823
1;acousticEmission;201;1.126467649
1;acousticEmission;201;1.014580615
1;acousticEmission;201;1.3685061649999999
1;acousticEmission;201;1.49749257
1;acousticEmission;201;1.399671758
1;acousticEmission;201;1.488053766
1;acousticEmission;201;2.059828408
1;acousticEmission;201;2.436119997
1;acousticEmission;201;2.3837687020000002
1;acousticEmission;201;2.481533018
1;acousticEmission;201;3.346203844
1;acousticEmission;201;6.993286327
1;acousticEmission;201;7.9681944179999995
1;acousticEmission;201;7.789122001
1;acousticEmission;201;7.854794995
1;acousticEmission;201;9.193845451
1;acousticEmission;201;10.404823683
1;acousticEmission;201;10.710716264
1;acousticEmission;201;11.348867798
1;acousticEmission;201;11.195899653
1;acousticEmission;201;12.529686031
1;acousticEmission;201;13.411295475
1;acousticEmission;201;13.550491834
1;acousticEmission;201;14.028852288
1;acousticEmission;201;14.601310242
1;acousticEmission;201;14.270729415
1;acousticEmission;201;14.695358995
1;acousticEmission;201;14.729407955
1;acousticEmission;201;14.916354947
1;acousticEmission;201;14.964610641
1;acousticEmission;201;15.018571695
1;acousticEmission;201;16.045846809
1;acousticEmission;201;16.910625237
1;acousticEmission;201;18.951410601
1;acousticEmission;201;19.211487255
1;acousticEmission;201;19.132619431
1;acousticEmission;201;19.425955904
1;acousticEmission;201;19.937081585
1;acousticEmission;201;19.600166733000002
1;acousticEmission;201;19.908976596
1;acousticEmission;201;20.334008404
1;acousticEmission;201;20.205954781
1;acousticEmission;201;21.224536022
1;acousticEmission;201;21.537854212
1;acousticEmission;201;21.8649309
1;acousticEmission;201;21.431804148
1;acousticEmission;201;22.998219619
1;acousticEmission;201;21.825997576
1;acousticEmission;201;21.623208707
1;acousticEmission;201;21.695060355
1;acousticEmission;201;21.681960901
1;acousticEmission;201;21.836512025
1;acousticEmission;201;22.78883378
1;acousticEmission;201;23.123274338
1;acousticEmission;201;22.268650233
1;acousticEmission;201;21.992969077
1;acousticEmission;201;22.654623872
1;acousticEmission;201;22.855633275
1;acousticEmission;201;22.957938364
1;acousticEmission;201;22.703613166
1;acousticEmission;201;22.525544119
1;acousticEmission;201;22.300509193
1;acousticEmission;201;23.662985278
1;acousticEmission;201;23.291315658
1;acousticEmission;201;23.725372239
1;acousticEmission;201;25.280727046
1;acousticEmission;201;25.666397646
1;acousticEmission;201;25.574256652
1;acousticEmission;201;26.596954926
1;acousticEmission;201;26.043445464
1;acousticEmission;201;25.334885346
1;acousticEmission;201;26.446121391
1;acousticEmission;201;26.409267061
1;acousticEmission;201;25.353006764
1;acousticEmission;201;25.962997579
1;acousticEmission;201;25.622392537
1;acousticEmission;201;27.597618122
1;acousticEmission;201;27.621276143
1;acousticEmission;201;26.484247647
1;acousticEmission;201;26.248948607
1;acousticEmission;201;27.247598988
1;acousticEmission;201;27.372224867
1;acousticEmission;201;27.03713799
1;acousticEmission;201;26.91779618
1;acousticEmission;201;27.090487462
1;acousticEmission;201;26.067670174
1;acousticEmission;201;26.201628428
1;acousticEmission;201;26.89549014
1;acousticEmission;201;26.914073215
1;acousticEmission;201;26.043116227
1;acousticEmission;201;27.021017837
1;acousticEmission;201;27.649476988
1;acousticEmission;201;27.369812197
1;acousticEmission;201;29.762790663
1;acousticEmission;201;26.716743693
1;acousticEmission;201;26.702034
1;acousticEmission;201;27.071703469
1;acousticEmission;201;27.246623383
1;acousticEmission;201;33.063198228
1;acousticEmission;201;32.050847786
1;acousticEmission;201;27.904263253
1;acousticEmission;201;28.335827722
1;acousticEmission;201;28.783308535
1;acousticEmission;201;28.550676077
1;acousticEmission;201;28.865721623
1;acousticEmission;201;28.739553497
1;acousticEmission;201;29.16203055
1;acousticEmission;201;28.926230387
1;acousticEmission;201;29.159316849
1;acousticEmission;201;29.864488557
1;acousticEmission;201;29.74762667
1;acousticEmission;201;30.075911373
1;acousticEmission;201;29.700524932
1;acousticEmission;201;29.596352996
1;acousticEmission;201;30.313999264
1;acousticEmission;201;30.142654124
1;acousticEmission;201;30.655153537
1;acousticEmission;201;30.820404284
1;acousticEmission;201;31.189322554
1;acousticEmission;201;31.280924073
1;acousticEmission;201;32.075202291
1;acousticEmission;201;32.161421836
1;acousticEmission;201;32.358425618
1;acousticEmission;201;32.091475989
